Workbook

Sheet mem_dec
A1: 55 | B1: 246 | C1: 73 | D1: 86 | E1: i=0; i=4;
A2: 110 | B2: 211 | C2: 170 | D2: 152
A3: 198 | B3: 59 | C3: 216 | D3: 137 | P3: pos_out
A4: 1 | B4: 48 | C4: 165 | D4: 160 | O4: ch_out | P4: 0 | Q4: 1 | R4: 2 | S4: 3
A5: 23 | B5: 102 | C5: 120 | D5: 86 | O5: 0 | P5: =SUM(out_col0!A1:D20) -> 1087855 | Q5: =SUM(out_col1!A1:D20) -> 1146690
A6: 3 | B6: 95 | C6: 246 | D6: 145 | O6: 1 | P6: =SUM(out_col0!A21:D40) -> 1313896
A7: 120 | B7: 54 | C7: 123 | D7: 233 | O7: 2 | P7: =SUM(out_col0!A41:D60) -> 1292576
A8: 254 | B8: 26 | C8: 134 | D8: 157 | O8: 3
A9: 234 | B9: 99 | C9: 181 | D9: 48 | O9: 4
A10: 65 | B10: 15 | C10: 74 | D10: 57 | O10: 5
A11: 31 | B11: 79 | C11: 18 | D11: 71 | O11: 6
A12: 118 | B12: 201 | C12: 21 | D12: 88 | O12: 7
A13: 173 | B13: 66 | C13: 35 | D13: 182 | O13: 8
A14: 183 | B14: 24 | C14: 115 | D14: 214
A15: 45 | B15: 103 | C15: 131 | D15: 247
A16: 3 | B16: 221 | C16: 47 | D16: 228
A17: 21 | B17: 86 | C17: 139 | D17: 183
A18: 98 | B18: 206 | C18: 97 | D18: 27
A19: 248 | B19: 117 | C19: 171 | D19: 144
A20: 159 | B20: 76 | C20: 96 | D20: 9
A21: 34 | B21: 190 | C21: 219 | D21: 56 | E21: i=1; i=5;
A22: 157 | B22: 1 | C22: 216 | D22: 85
A23: 153 | B23: 148 | C23: 82 | D23: 155
A24: 73 | B24: 45 | C24: 10 | D24: 220
A25: 221 | B25: 93 | C25: 149 | D25: 234
A26: 122 | B26: 57 | C26: 91 | D26: 57
A27: 247 | B27: 2 | C27: 139 | D27: 233 | G27: =mem_dec!A1*mem_dec!A82 -> 8525
A28: 29 | B28: 202 | C28: 66 | D28: 104
A29: 182 | B29: 165 | C29: 187 | D29: 148
A30: 177 | B30: 249 | C30: 146 | D30: 234
A31: 94 | B31: 217 | C31: 59 | D31: 211
A32: 146 | B32: 113 | C32: 61 | D32: 144
A33: 203 | B33: 232 | C33: 100 | D33: 167
A34: 175 | B34: 226 | C34: 215 | D34: 226
A35: 30 | B35: 207 | C35: 147 | D35: 220
A36: 47 | B36: 59 | C36: 86 | D36: 37
A37: 10 | B37: 137 | C37: 85 | D37: 135
A38: 17 | B38: 235 | C38: 116 | D38: 77
A39: 35 | B39: 236 | C39: 77 | D39: 57
A40: 48 | B40: 77 | C40: 105 | D40: 61
A41: 60 | B41: 10 | C41: 235 | D41: 107 | E41: i=2; i=6;
A42: 30 | B42: 49 | C42: 169 | D42: 194
A43: 95 | B43: 163 | C43: 71 | D43: 225
A44: 253 | B44: 241 | C44: 148 | D44: 58
A45: 242 | B45: 241 | C45: 145 | D45: 252
A46: 20 | B46: 216 | C46: 5 | D46: 116
A47: 237 | B47: 147 | C47: 34 | D47: 134
A48: 134 | B48: 25 | C48: 220 | D48: 11
A49: 158 | B49: 54 | C49: 141 | D49: 155
A50: 113 | B50: 145 | C50: 45 | D50: 216
A51: 95 | B51: 38 | C51: 191 | D51: 206
A52: 179 | B52: 253 | C52: 112 | D52: 144
A53: 80 | B53: 50 | C53: 51 | D53: 140
... A60: 209 | B60: 145 | C60: 176 | D60: 232
A61: 152 | B61: 237 | C61: 37 | D61: 4 | E61: i=3; i=7;
A62: 232 | B62: 145 | C62: 238 | D62: 108
A63: 235 | B63: 214 | C63: 166 | D63: 154
A64: 193 | B64: 243 | C64: 179 | D64: 81
A65: 193 | B65: 150 | C65: 128 | D65: 49
A66: 155 | B66: 68 | C66: 225 | D66: 199
A67: 94 | B67: 189 | C67: 115 | D67: 216
A68: 62 | B68: 27 | C68: 134 | D68: 21
A69: 60 | B69: 171 | C69: 82 | D69: 117
A70: 154 | B70: 191 | C70: 3 | D70: 128
A71: 61 | B71: 1 | C71: 228 | D71: 187
A72: 86 | B72: 218 | C72: 254 | D72: 107
A73: 79 | B73: 160 | C73: 175 | D73: 79
... A128: 0 | B128: 0 | C128: 0 | D128: 0

Sheet mem_hex
A1: =DEC2HEX(mem_dec!A1) -> 37 | B1: =DEC2HEX(mem_dec!B1) -> F6 | C1: =DEC2HEX(mem_dec!C1) -> 49 | D1: =DEC2HEX(mem_dec!D1) -> 56 | E1: i=0; i=4; | F1: 2D6783F7
A2: =DEC2HEX(mem_dec!A2) -> 6E | B2: =DEC2HEX(mem_dec!B2) -> D3 | C2: =DEC2HEX(mem_dec!C2) -> AA | D2: =DEC2HEX(mem_dec!D2) -> 98 | F2: 03DD2FE4
A3: =DEC2HEX(mem_dec!A3) -> C6 | B3: =DEC2HEX(mem_dec!B3) -> 3B | C3: =DEC2HEX(mem_dec!C3) -> D8 | D3: =DEC2HEX(mem_dec!D3) -> 89
A4: =DEC2HEX(mem_dec!A4) -> 1 | B4: =DEC2HEX(mem_dec!B4) -> 30 | C4: =DEC2HEX(mem_dec!C4) -> A5 | D4: =DEC2HEX(mem_dec!D4) -> A0
A5: =DEC2HEX(mem_dec!A5) -> 17 | B5: =DEC2HEX(mem_dec!B5) -> 66 | C5: =DEC2HEX(mem_dec!C5) -> 78 | D5: =DEC2HEX(mem_dec!D5) -> 56
A6: =DEC2HEX(mem_dec!A6) -> 3 | B6: =DEC2HEX(mem_dec!B6) -> 5F | C6: =DEC2HEX(mem_dec!C6) -> F6 | D6: =DEC2HEX(mem_dec!D6) -> 91
A7: =DEC2HEX(mem_dec!A7) -> 78 | B7: =DEC2HEX(mem_dec!B7) -> 36 | C7: =DEC2HEX(mem_dec!C7) -> 7B | D7: =DEC2HEX(mem_dec!D7) -> E9
A8: =DEC2HEX(mem_dec!A8) -> FE | B8: =DEC2HEX(mem_dec!B8) -> 1A | C8: =DEC2HEX(mem_dec!C8) -> 86 | D8: =DEC2HEX(mem_dec!D8) -> 9D
A9: =DEC2HEX(mem_dec!A9) -> EA | B9: =DEC2HEX(mem_dec!B9) -> 63 | C9: =DEC2HEX(mem_dec!C9) -> B5 | D9: =DEC2HEX(mem_dec!D9) -> 30
A10: =DEC2HEX(mem_dec!A10) -> 41 | B10: =DEC2HEX(mem_dec!B10) -> F | C10: =DEC2HEX(mem_dec!C10) -> 4A | D10: =DEC2HEX(mem_dec!D10) -> 39
A11: =DEC2HEX(mem_dec!A11) -> 1F | B11: =DEC2HEX(mem_dec!B11) -> 4F | C11: =DEC2HEX(mem_dec!C11) -> 12 | D11: =DEC2HEX(mem_dec!D11) -> 47
A12: =DEC2HEX(mem_dec!A12) -> 76 | B12: =DEC2HEX(mem_dec!B12) -> C9 | C12: =DEC2HEX(mem_dec!C12) -> 15 | D12: =DEC2HEX(mem_dec!D12) -> 58
A13: =DEC2HEX(mem_dec!A13) -> AD | B13: =DEC2HEX(mem_dec!B13) -> 42 | C13: =DEC2HEX(mem_dec!C13) -> 23 | D13: =DEC2HEX(mem_dec!D13) -> B6
A14: =DEC2HEX(mem_dec!A14) -> B7 | B14: =DEC2HEX(mem_dec!B14) -> 18 | C14: =DEC2HEX(mem_dec!C14) -> 73 | D14: =DEC2HEX(mem_dec!D14) -> D6
... A20: =DEC2HEX(mem_dec!A20) -> 9F | B20: =DEC2HEX(mem_dec!B20) -> 4C | C20: =DEC2HEX(mem_dec!C20) -> 60 | D20: =DEC2HEX(mem_dec!D20) -> 9
A21: =DEC2HEX(mem_dec!A21) -> 22 | B21: =DEC2HEX(mem_dec!B21) -> BE | C21: =DEC2HEX(mem_dec!C21) -> DB | D21: =DEC2HEX(mem_dec!D21) -> 38 | E21: i=1; i=5;
A22: =DEC2HEX(mem_dec!A22) -> 9D | B22: =DEC2HEX(mem_dec!B22) -> 1 | C22: =DEC2HEX(mem_dec!C22) -> D8 | D22: =DEC2HEX(mem_dec!D22) -> 55
A23: =DEC2HEX(mem_dec!A23) -> 99 | B23: =DEC2HEX(mem_dec!B23) -> 94 | C23: =DEC2HEX(mem_dec!C23) -> 52 | D23: =DEC2HEX(mem_dec!D23) -> 9B
A24: =DEC2HEX(mem_dec!A24) -> 49 | B24: =DEC2HEX(mem_dec!B24) -> 2D | C24: =DEC2HEX(mem_dec!C24) -> A | D24: =DEC2HEX(mem_dec!D24) -> DC
A25: =DEC2HEX(mem_dec!A25) -> DD | B25: =DEC2HEX(mem_dec!B25) -> 5D | C25: =DEC2HEX(mem_dec!C25) -> 95 | D25: =DEC2HEX(mem_dec!D25) -> EA
A26: =DEC2HEX(mem_dec!A26) -> 7A | B26: =DEC2HEX(mem_dec!B26) -> 39 | C26: =DEC2HEX(mem_dec!C26) -> 5B | D26: =DEC2HEX(mem_dec!D26) -> 39
A27: =DEC2HEX(mem_dec!A27) -> F7 | B27: =DEC2HEX(mem_dec!B27) -> 2 | C27: =DEC2HEX(mem_dec!C27) -> 8B | D27: =DEC2HEX(mem_dec!D27) -> E9
A28: =DEC2HEX(mem_dec!A28) -> 1D | B28: =DEC2HEX(mem_dec!B28) -> CA | C28: =DEC2HEX(mem_dec!C28) -> 42 | D28: =DEC2HEX(mem_dec!D28) -> 68
A29: =DEC2HEX(mem_dec!A29) -> B6 | B29: =DEC2HEX(mem_dec!B29) -> A5 | C29: =DEC2HEX(mem_dec!C29) -> BB | D29: =DEC2HEX(mem_dec!D29) -> 94
A30: =DEC2HEX(mem_dec!A30) -> B1 | B30: =DEC2HEX(mem_dec!B30) -> F9 | C30: =DEC2HEX(mem_dec!C30) -> 92 | D30: =DEC2HEX(mem_dec!D30) -> EA
A31: =DEC2HEX(mem_dec!A31) -> 5E | B31: =DEC2HEX(mem_dec!B31) -> D9 | C31: =DEC2HEX(mem_dec!C31) -> 3B | D31: =DEC2HEX(mem_dec!D31) -> D3
A32: =DEC2HEX(mem_dec!A32) -> 92 | B32: =DEC2HEX(mem_dec!B32) -> 71 | C32: =DEC2HEX(mem_dec!C32) -> 3D | D32: =DEC2HEX(mem_dec!D32) -> 90
A33: =DEC2HEX(mem_dec!A33) -> CB | B33: =DEC2HEX(mem_dec!B33) -> E8 | C33: =DEC2HEX(mem_dec!C33) -> 64 | D33: =DEC2HEX(mem_dec!D33) -> A7
... A40: =DEC2HEX(mem_dec!A40) -> 30 | B40: =DEC2HEX(mem_dec!B40) -> 4D | C40: =DEC2HEX(mem_dec!C40) -> 69 | D40: =DEC2HEX(mem_dec!D40) -> 3D
A41: =DEC2HEX(mem_dec!A41) -> 3C | B41: =DEC2HEX(mem_dec!B41) -> A | C41: =DEC2HEX(mem_dec!C41) -> EB | D41: =DEC2HEX(mem_dec!D41) -> 6B | E41: i=2; i=6;
A42: =DEC2HEX(mem_dec!A42) -> 1E | B42: =DEC2HEX(mem_dec!B42) -> 31 | C42: =DEC2HEX(mem_dec!C42) -> A9 | D42: =DEC2HEX(mem_dec!D42) -> C2
A43: =DEC2HEX(mem_dec!A43) -> 5F | B43: =DEC2HEX(mem_dec!B43) -> A3 | C43: =DEC2HEX(mem_dec!C43) -> 47 | D43: =DEC2HEX(mem_dec!D43) -> E1
A44: =DEC2HEX(mem_dec!A44) -> FD | B44: =DEC2HEX(mem_dec!B44) -> F1 | C44: =DEC2HEX(mem_dec!C44) -> 94 | D44: =DEC2HEX(mem_dec!D44) -> 3A
A45: =DEC2HEX(mem_dec!A45) -> F2 | B45: =DEC2HEX(mem_dec!B45) -> F1 | C45: =DEC2HEX(mem_dec!C45) -> 91 | D45: =DEC2HEX(mem_dec!D45) -> FC
A46: =DEC2HEX(mem_dec!A46) -> 14 | B46: =DEC2HEX(mem_dec!B46) -> D8 | C46: =DEC2HEX(mem_dec!C46) -> 5 | D46: =DEC2HEX(mem_dec!D46) -> 74
A47: =DEC2HEX(mem_dec!A47) -> ED | B47: =DEC2HEX(mem_dec!B47) -> 93 | C47: =DEC2HEX(mem_dec!C47) -> 22 | D47: =DEC2HEX(mem_dec!D47) -> 86
A48: =DEC2HEX(mem_dec!A48) -> 86 | B48: =DEC2HEX(mem_dec!B48) -> 19 | C48: =DEC2HEX(mem_dec!C48) -> DC | D48: =DEC2HEX(mem_dec!D48) -> B
A49: =DEC2HEX(mem_dec!A49) -> 9E | B49: =DEC2HEX(mem_dec!B49) -> 36 | C49: =DEC2HEX(mem_dec!C49) -> 8D | D49: =DEC2HEX(mem_dec!D49) -> 9B
A50: =DEC2HEX(mem_dec!A50) -> 71 | B50: =DEC2HEX(mem_dec!B50) -> 91 | C50: =DEC2HEX(mem_dec!C50) -> 2D | D50: =DEC2HEX(mem_dec!D50) -> D8
A51: =DEC2HEX(mem_dec!A51) -> 5F | B51: =DEC2HEX(mem_dec!B51) -> 26 | C51: =DEC2HEX(mem_dec!C51) -> BF | D51: =DEC2HEX(mem_dec!D51) -> CE
A52: =DEC2HEX(mem_dec!A52) -> B3 | B52: =DEC2HEX(mem_dec!B52) -> FD | C52: =DEC2HEX(mem_dec!C52) -> 70 | D52: =DEC2HEX(mem_dec!D52) -> 90
A53: =DEC2HEX(mem_dec!A53) -> 50 | B53: =DEC2HEX(mem_dec!B53) -> 32 | C53: =DEC2HEX(mem_dec!C53) -> 33 | D53: =DEC2HEX(mem_dec!D53) -> 8C
... A60: =DEC2HEX(mem_dec!A60) -> D1 | B60: =DEC2HEX(mem_dec!B60) -> 91 | C60: =DEC2HEX(mem_dec!C60) -> B0 | D60: =DEC2HEX(mem_dec!D60) -> E8
A61: =DEC2HEX(mem_dec!A61) -> 98 | B61: =DEC2HEX(mem_dec!B61) -> ED | C61: =DEC2HEX(mem_dec!C61) -> 25 | D61: =DEC2HEX(mem_dec!D61) -> 4 | E61: i=3; i=7;
A62: =DEC2HEX(mem_dec!A62) -> E8 | B62: =DEC2HEX(mem_dec!B62) -> 91 | C62: =DEC2HEX(mem_dec!C62) -> EE | D62: =DEC2HEX(mem_dec!D62) -> 6C
A63: =DEC2HEX(mem_dec!A63) -> EB | B63: =DEC2HEX(mem_dec!B63) -> D6 | C63: =DEC2HEX(mem_dec!C63) -> A6 | D63: =DEC2HEX(mem_dec!D63) -> 9A
A64: =DEC2HEX(mem_dec!A64) -> C1 | B64: =DEC2HEX(mem_dec!B64) -> F3 | C64: =DEC2HEX(mem_dec!C64) -> B3 | D64: =DEC2HEX(mem_dec!D64) -> 51
A65: =DEC2HEX(mem_dec!A65) -> C1 | B65: =DEC2HEX(mem_dec!B65) -> 96 | C65: =DEC2HEX(mem_dec!C65) -> 80 | D65: =DEC2HEX(mem_dec!D65) -> 31
A66: =DEC2HEX(mem_dec!A66) -> 9B | B66: =DEC2HEX(mem_dec!B66) -> 44 | C66: =DEC2HEX(mem_dec!C66) -> E1 | D66: =DEC2HEX(mem_dec!D66) -> C7
A67: =DEC2HEX(mem_dec!A67) -> 5E | B67: =DEC2HEX(mem_dec!B67) -> BD | C67: =DEC2HEX(mem_dec!C67) -> 73 | D67: =DEC2HEX(mem_dec!D67) -> D8
A68: =DEC2HEX(mem_dec!A68) -> 3E | B68: =DEC2HEX(mem_dec!B68) -> 1B | C68: =DEC2HEX(mem_dec!C68) -> 86 | D68: =DEC2HEX(mem_dec!D68) -> 15
A69: =DEC2HEX(mem_dec!A69) -> 3C | B69: =DEC2HEX(mem_dec!B69) -> AB | C69: =DEC2HEX(mem_dec!C69) -> 52 | D69: =DEC2HEX(mem_dec!D69) -> 75
A70: =DEC2HEX(mem_dec!A70) -> 9A | B70: =DEC2HEX(mem_dec!B70) -> BF | C70: =DEC2HEX(mem_dec!C70) -> 3 | D70: =DEC2HEX(mem_dec!D70) -> 80
A71: =DEC2HEX(mem_dec!A71) -> 3D | B71: =DEC2HEX(mem_dec!B71) -> 1 | C71: =DEC2HEX(mem_dec!C71) -> E4 | D71: =DEC2HEX(mem_dec!D71) -> BB
A72: =DEC2HEX(mem_dec!A72) -> 56 | B72: =DEC2HEX(mem_dec!B72) -> DA | C72: =DEC2HEX(mem_dec!C72) -> FE | D72: =DEC2HEX(mem_dec!D72) -> 6B
A73: =DEC2HEX(mem_dec!A73) -> 4F | B73: =DEC2HEX(mem_dec!B73) -> A0 | C73: =DEC2HEX(mem_dec!C73) -> AF | D73: =DEC2HEX(mem_dec!D73) -> 4F
... A154: =DEC2HEX(mem_dec!A154) -> 0 | B154: =DEC2HEX(mem_dec!B154) -> 0 | C154: =DEC2HEX(mem_dec!C154) -> 0 | D154: =DEC2HEX(mem_dec!D154) -> 0

Sheet out_col0
A1: =mem_dec!A1*mem_dec!A81 -> 0 | B1: =mem_dec!B1*mem_dec!B81 -> 9348 | C1: =mem_dec!C1*mem_dec!C81 -> 2263 | D1: =mem_dec!D1*mem_dec!D81 -> 7138 | F1: =SUM(A1:D1) -> 18749 | H1: 1 | I1: =F1+F6+F11+F16 -> 138207
A2: =mem_dec!A2*mem_dec!A82 -> 17050 | B2: =mem_dec!B2*mem_dec!B82 -> 211 | C2: =mem_dec!C2*mem_dec!C82 -> 26180 | D2: =mem_dec!D2*mem_dec!D82 -> 7144 | F2: =SUM(A2:D2) -> 50585 | H2: 2 | I2: =F2+F7+F12+F17 -> 254087
A3: =mem_dec!A3*mem_dec!A83 -> 25542 | B3: =mem_dec!B3*mem_dec!B83 -> 12685 | C3: =mem_dec!C3*mem_dec!C83 -> 1080 | D3: =mem_dec!D3*mem_dec!D83 -> 11508 | F3: =SUM(A3:D3) -> 50815 | H3: 3 | I3: =F3+F8+F13+F18 -> 236737
A4: =mem_dec!A4*mem_dec!A84 -> 183 | B4: =mem_dec!B4*mem_dec!B84 -> 240 | C4: =mem_dec!C4*mem_dec!C84 -> 11880 | D4: =mem_dec!D4*mem_dec!D84 -> 4320 | F4: =SUM(A4:D4) -> 16623 | H4: 4 | I4: =F4+F9+F14+F19 -> 255022
A5: =mem_dec!A5*mem_dec!A85 -> 5727 | B5: =mem_dec!B5*mem_dec!B85 -> 16422 | C5: =mem_dec!C5*mem_dec!C85 -> 3600 | D5: =mem_dec!D5*mem_dec!D85 -> 18576 | F5: =SUM(A5:D5) -> 44325 | H5: 5 | I5: =F5+F10+F15+F20 -> 203802
A6: =mem_dec!A6*mem_dec!A89 -> 504 | B6: =mem_dec!B6*mem_dec!B89 -> 9120 | C6: =mem_dec!C6*mem_dec!C89 -> 19188 | D6: =mem_dec!D6*mem_dec!D89 -> 5655 | F6: =SUM(A6:D6) -> 34467 | H6: somma | I6: =SUM(I1:I5) -> 1087855
A7: =mem_dec!A7*mem_dec!A90 -> 25560 | B7: =mem_dec!B7*mem_dec!B90 -> 5886 | C7: =mem_dec!C7*mem_dec!C90 -> 18327 | D7: =mem_dec!D7*mem_dec!D90 -> 53823 | F7: =SUM(A7:D7) -> 103596
A8: =mem_dec!A8*mem_dec!A91 -> 54102 | B8: =mem_dec!B8*mem_dec!B91 -> 1092 | C8: =mem_dec!C8*mem_dec!C91 -> 13400 | D8: =mem_dec!D8*mem_dec!D91 -> 32813 | F8: =SUM(A8:D8) -> 101407
A9: =mem_dec!A9*mem_dec!A92 -> 45162 | B9: =mem_dec!B9*mem_dec!B92 -> 2871 | C9: =mem_dec!C9*mem_dec!C92 -> 43802 | D9: =mem_dec!D9*mem_dec!D92 -> 2592 | F9: =SUM(A9:D9) -> 94427
A10: =mem_dec!A10*mem_dec!A93 -> 13910 | B10: =mem_dec!B10*mem_dec!B93 -> 3825 | C10: =mem_dec!C10*mem_dec!C93 -> 3182 | D10: =mem_dec!D10*mem_dec!D93 -> 13110 | F10: =SUM(A10:D10) -> 34027
A11: =mem_dec!A11*mem_dec!A97 -> 2666 | B11: =mem_dec!B11*mem_dec!B97 -> 5688 | C11: =mem_dec!C11*mem_dec!C97 -> 486 | D11: =mem_dec!D11*mem_dec!D97 -> 10579 | F11: =SUM(A11:D11) -> 19419
A12: =mem_dec!A12*mem_dec!A98 -> 16992 | B12: =mem_dec!B12*mem_dec!B98 -> 7437 | C12: =mem_dec!C12*mem_dec!C98 -> 1218 | D12: =mem_dec!D12*mem_dec!D98 -> 19096 | F12: =SUM(A12:D12) -> 44743
A13: =mem_dec!A13*mem_dec!A99 -> 12110 | B13: =mem_dec!B13*mem_dec!B99 -> 3036 | C13: =mem_dec!C13*mem_dec!C99 -> 910 | D13: =mem_dec!D13*mem_dec!D99 -> 4914 | F13: =SUM(A13:D13) -> 20970
A14: =mem_dec!A14*mem_dec!A100 -> 27084 | B14: =mem_dec!B14*mem_dec!B100 -> 3648 | C14: =mem_dec!C14*mem_dec!C100 -> 17020 | D14: =mem_dec!D14*mem_dec!D100 -> 7918 | F14: =SUM(A14:D14) -> 55670
A15: =mem_dec!A15*mem_dec!A101 -> 11115 | B15: =mem_dec!B15*mem_dec!B101 -> 16892 | C15: =mem_dec!C15*mem_dec!C101 -> 5109 | D15: =mem_dec!D15*mem_dec!D101 -> 52611 | F15: =SUM(A15:D15) -> 85727
A16: =mem_dec!A16*mem_dec!A105 -> 573 | B16: =mem_dec!B16*mem_dec!B105 -> 51714 | C16: =mem_dec!C16*mem_dec!C105 -> 517 | D16: =mem_dec!D16*mem_dec!D105 -> 12768 | F16: =SUM(A16:D16) -> 65572
A17: =mem_dec!A17*mem_dec!A106 -> 2709 | B17: =mem_dec!B17*mem_dec!B106 -> 7654 | C17: =mem_dec!C17*mem_dec!C106 -> 22657 | D17: =mem_dec!D17*mem_dec!D106 -> 22143 | F17: =SUM(A17:D17) -> 55163
A18: =mem_dec!A18*mem_dec!A107 -> 8624 | B18: =mem_dec!B18*mem_dec!B107 -> 41200 | C18: =mem_dec!C18*mem_dec!C107 -> 10670 | D18: =mem_dec!D18*mem_dec!D107 -> 3051 | F18: =SUM(A18:D18) -> 63545
A19: =mem_dec!A19*mem_dec!A108 -> 32736 | B19: =mem_dec!B19*mem_dec!B108 -> 1638 | C19: =mem_dec!C19*mem_dec!C108 -> 34200 | D19: =mem_dec!D19*mem_dec!D108 -> 19728 | F19: =SUM(A19:D19) -> 88302
A20: =mem_dec!A20*mem_dec!A109 -> 2067 | B20: =mem_dec!B20*mem_dec!B109 -> 11856 | C20: =mem_dec!C20*mem_dec!C109 -> 24288 | D20: =mem_dec!D20*mem_dec!D109 -> 1512 | F20: =SUM(A20:D20) -> 39723
A21: =mem_dec!A21*mem_dec!A81 -> 0 | B21: =mem_dec!B21*mem_dec!B81 -> 7220 | C21: =mem_dec!C21*mem_dec!C81 -> 6789 | D21: =mem_dec!D21*mem_dec!D81 -> 4648 | F21: =SUM(A21:D21) -> 18657 | H21: 1 | I21: =F21+F26+F31+F36 -> 136487
A22: =mem_dec!A22*mem_dec!A82 -> 24335 | B22: =mem_dec!B22*mem_dec!B82 -> 1 | C22: =mem_dec!C22*mem_dec!C82 -> 33264 | D22: =mem_dec!D22*mem_dec!D82 -> 3995 | F22: =SUM(A22:D22) -> 61595 | H22: 2 | I22: =F22+F27+F32+F37 -> 292622 | J22: =I21+I22 -> 429109
A23: =mem_dec!A23*mem_dec!A83 -> 19737 | B23: =mem_dec!B23*mem_dec!B83 -> 31820 | C23: =mem_dec!C23*mem_dec!C83 -> 410 | D23: =mem_dec!D23*mem_dec!D83 -> 13020 | F23: =SUM(A23:D23) -> 64987 | H23: 3 | I23: =F23+F28+F33+F38 -> 209932 | J23: =J22+I23 -> 639041
A24: =mem_dec!A24*mem_dec!A84 -> 13359 | B24: =mem_dec!B24*mem_dec!B84 -> 225 | C24: =mem_dec!C24*mem_dec!C84 -> 720 | D24: =mem_dec!D24*mem_dec!D84 -> 5940 | F24: =SUM(A24:D24) -> 20244 | H24: 4 | I24: =F24+F29+F34+F39 -> 244968 | J24: =J23+I24 -> 884009
A25: =mem_dec!A25*mem_dec!A85 -> 55029 | B25: =mem_dec!B25*mem_dec!B85 -> 14973 | C25: =mem_dec!C25*mem_dec!C85 -> 4470 | D25: =mem_dec!D25*mem_dec!D85 -> 50544 | F25: =SUM(A25:D25) -> 125016 | H25: 5 | I25: =F25+F30+F35+F40 -> 429887 | J25: =J24+I25 -> 1313896
A26: =mem_dec!A26*mem_dec!A89 -> 20496 | B26: =mem_dec!B26*mem_dec!B89 -> 5472 | C26: =mem_dec!C26*mem_dec!C89 -> 7098 | D26: =mem_dec!D26*mem_dec!D89 -> 2223 | F26: =SUM(A26:D26) -> 35289 | H26: somma | I26: =SUM(I21:I25) -> 1313896
A27: =mem_dec!A27*mem_dec!A90 -> 52611 | B27: =mem_dec!B27*mem_dec!B90 -> 218 | C27: =mem_dec!C27*mem_dec!C90 -> 20711 | D27: =mem_dec!D27*mem_dec!D90 -> 53823 | F27: =SUM(A27:D27) -> 127363
A28: =mem_dec!A28*mem_dec!A91 -> 6177 | B28: =mem_dec!B28*mem_dec!B91 -> 8484 | C28: =mem_dec!C28*mem_dec!C91 -> 6600 | D28: =mem_dec!D28*mem_dec!D91 -> 21736 | F28: =SUM(A28:D28) -> 42997
A29: =mem_dec!A29*mem_dec!A92 -> 35126 | B29: =mem_dec!B29*mem_dec!B92 -> 4785 | C29: =mem_dec!C29*mem_dec!C92 -> 45254 | D29: =mem_dec!D29*mem_dec!D92 -> 7992 | F29: =SUM(A29:D29) -> 93157
A30: =mem_dec!A30*mem_dec!A93 -> 37878 | B30: =mem_dec!B30*mem_dec!B93 -> 63495 | C30: =mem_dec!C30*mem_dec!C93 -> 6278 | D30: =mem_dec!D30*mem_dec!D93 -> 53820 | F30: =SUM(A30:D30) -> 161471
A31: =mem_dec!A31*mem_dec!A97 -> 8084 | B31: =mem_dec!B31*mem_dec!B97 -> 15624 | C31: =mem_dec!C31*mem_dec!C97 -> 1593 | D31: =mem_dec!D31*mem_dec!D97 -> 31439 | F31: =SUM(A31:D31) -> 56740
A32: =mem_dec!A32*mem_dec!A98 -> 21024 | B32: =mem_dec!B32*mem_dec!B98 -> 4181 | C32: =mem_dec!C32*mem_dec!C98 -> 3538 | D32: =mem_dec!D32*mem_dec!D98 -> 31248 | F32: =SUM(A32:D32) -> 59991
A33: =mem_dec!A33*mem_dec!A99 -> 14210 | B33: =mem_dec!B33*mem_dec!B99 -> 10672 | C33: =mem_dec!C33*mem_dec!C99 -> 2600 | D33: =mem_dec!D33*mem_dec!D99 -> 4509 | F33: =SUM(A33:D33) -> 31991
A34: =mem_dec!A34*mem_dec!A100 -> 25900 | B34: =mem_dec!B34*mem_dec!B100 -> 34352 | C34: =mem_dec!C34*mem_dec!C100 -> 31820 | D34: =mem_dec!D34*mem_dec!D100 -> 8362 | F34: =SUM(A34:D34) -> 100434
A35: =mem_dec!A35*mem_dec!A101 -> 7410 | B35: =mem_dec!B35*mem_dec!B101 -> 33948 | C35: =mem_dec!C35*mem_dec!C101 -> 5733 | D35: =mem_dec!D35*mem_dec!D101 -> 46860 | F35: =SUM(A35:D35) -> 93951
A36: =mem_dec!A36*mem_dec!A105 -> 8977 | B36: =mem_dec!B36*mem_dec!B105 -> 13806 | C36: =mem_dec!C36*mem_dec!C105 -> 946 | D36: =mem_dec!D36*mem_dec!D105 -> 2072 | F36: =SUM(A36:D36) -> 25801
A37: =mem_dec!A37*mem_dec!A106 -> 1290 | B37: =mem_dec!B37*mem_dec!B106 -> 12193 | C37: =mem_dec!C37*mem_dec!C106 -> 13855 | D37: =mem_dec!D37*mem_dec!D106 -> 16335 | F37: =SUM(A37:D37) -> 43673
A38: =mem_dec!A38*mem_dec!A107 -> 1496 | B38: =mem_dec!B38*mem_dec!B107 -> 47000 | C38: =mem_dec!C38*mem_dec!C107 -> 12760 | D38: =mem_dec!D38*mem_dec!D107 -> 8701 | F38: =SUM(A38:D38) -> 69957
A39: =mem_dec!A39*mem_dec!A108 -> 4620 | B39: =mem_dec!B39*mem_dec!B108 -> 3304 | C39: =mem_dec!C39*mem_dec!C108 -> 15400 | D39: =mem_dec!D39*mem_dec!D108 -> 7809 | F39: =SUM(A39:D39) -> 31133
A40: =mem_dec!A40*mem_dec!A109 -> 624 | B40: =mem_dec!B40*mem_dec!B109 -> 12012 | C40: =mem_dec!C40*mem_dec!C109 -> 26565 | D40: =mem_dec!D40*mem_dec!D109 -> 10248 | F40: =SUM(A40:D40) -> 49449
A41: =mem_dec!A41*mem_dec!A81 -> 0 | B41: =mem_dec!B41*mem_dec!B81 -> 380 | C41: =mem_dec!C41*mem_dec!C81 -> 7285 | D41: =mem_dec!D41*mem_dec!D81 -> 8881 | F41: =SUM(A41:D41) -> 16546 | H41: 1 | I41: =F41+F46+F51+F56 -> 121634
A42: =mem_dec!A42*mem_dec!A82 -> 4650 | B42: =mem_dec!B42*mem_dec!B82 -> 49 | C42: =mem_dec!C42*mem_dec!C82 -> 26026 | D42: =mem_dec!D42*mem_dec!D82 -> 9118 | F42: =SUM(A42:D42) -> 39843 | H42: 2 | I42: =F42+F47+F52+F57 -> 257369
A43: =mem_dec!A43*mem_dec!A83 -> 12255 | B43: =mem_dec!B43*mem_dec!B83 -> 35045 | C43: =mem_dec!C43*mem_dec!C83 -> 355 | D43: =mem_dec!D43*mem_dec!D83 -> 18900 | F43: =SUM(A43:D43) -> 66555 | H43: 3 | I43: =F43+F48+F53+F58 -> 185790
A44: =mem_dec!A44*mem_dec!A84 -> 46299 | B44: =mem_dec!B44*mem_dec!B84 -> 1205 | C44: =mem_dec!C44*mem_dec!C84 -> 10656 | D44: =mem_dec!D44*mem_dec!D84 -> 1566 | F44: =SUM(A44:D44) -> 59726 | H44: 4 | I44: =F44+F49+F54+F59 -> 281097
A45: =mem_dec!A45*mem_dec!A85 -> 60258 | B45: =mem_dec!B45*mem_dec!B85 -> 38801 | C45: =mem_dec!C45*mem_dec!C85 -> 4350 | D45: =mem_dec!D45*mem_dec!D85 -> 54432 | F45: =SUM(A45:D45) -> 157841 | H45: 5 | I45: =F45+F50+F55+F60 -> 446686
A46: =mem_dec!A46*mem_dec!A89 -> 3360 | B46: =mem_dec!B46*mem_dec!B89 -> 20736 | C46: =mem_dec!C46*mem_dec!C89 -> 390 | D46: =mem_dec!D46*mem_dec!D89 -> 4524 | F46: =SUM(A46:D46) -> 29010 | H46: somma | I46: =SUM(I41:I45) -> 1292576
A47: =mem_dec!A47*mem_dec!A90 -> 50481 | B47: =mem_dec!B47*mem_dec!B90 -> 16023 | C47: =mem_dec!C47*mem_dec!C90 -> 5066 | D47: =mem_dec!D47*mem_dec!D90 -> 30954 | F47: =SUM(A47:D47) -> 102524
A48: =mem_dec!A48*mem_dec!A91 -> 28542 | B48: =mem_dec!B48*mem_dec!B91 -> 1050 | C48: =mem_dec!C48*mem_dec!C91 -> 22000 | D48: =mem_dec!D48*mem_dec!D91 -> 2299 | F48: =SUM(A48:D48) -> 53891
A49: =mem_dec!A49*mem_dec!A92 -> 30494 | B49: =mem_dec!B49*mem_dec!B92 -> 1566 | C49: =mem_dec!C49*mem_dec!C92 -> 34122 | D49: =mem_dec!D49*mem_dec!D92 -> 8370 | F49: =SUM(A49:D49) -> 74552
A50: =mem_dec!A50*mem_dec!A93 -> 24182 | B50: =mem_dec!B50*mem_dec!B93 -> 36975 | C50: =mem_dec!C50*mem_dec!C93 -> 1935 | D50: =mem_dec!D50*mem_dec!D93 -> 49680 | F50: =SUM(A50:D50) -> 112772
A51: =mem_dec!A51*mem_dec!A97 -> 8170 | B51: =mem_dec!B51*mem_dec!B97 -> 2736 | C51: =mem_dec!C51*mem_dec!C97 -> 5157 | D51: =mem_dec!D51*mem_dec!D97 -> 30694 | F51: =SUM(A51:D51) -> 46757
A52: =mem_dec!A52*mem_dec!A98 -> 25776 | B52: =mem_dec!B52*mem_dec!B98 -> 9361 | C52: =mem_dec!C52*mem_dec!C98 -> 6496 | D52: =mem_dec!D52*mem_dec!D98 -> 31248 | F52: =SUM(A52:D52) -> 72881
A53: =mem_dec!A53*mem_dec!A99 -> 5600 | B53: =mem_dec!B53*mem_dec!B99 -> 2300 | C53: =mem_dec!C53*mem_dec!C99 -> 1326 | D53: =mem_dec!D53*mem_dec!D99 -> 3780 | F53: =SUM(A53:D53) -> 13006
A54: =mem_dec!A54*mem_dec!A100 -> 10212 | B54: =mem_dec!B54*mem_dec!B100 -> 26752 | C54: =mem_dec!C54*mem_dec!C100 -> 21016 | D54: =mem_dec!D54*mem_dec!D100 -> 9398 | F54: =SUM(A54:D54) -> 67378
A55: =mem_dec!A55*mem_dec!A101 -> 54093 | B55: =mem_dec!B55*mem_dec!B101 -> 5576 | C55: =mem_dec!C55*mem_dec!C101 -> 4368 | D55: =mem_dec!D55*mem_dec!D101 -> 3195 | F55: =SUM(A55:D55) -> 67232
A56: =mem_dec!A56*mem_dec!A105 -> 24448 | B56: =mem_dec!B56*mem_dec!B105 -> 936 | C56: =mem_dec!C56*mem_dec!C105 -> 2761 | D56: =mem_dec!D56*mem_dec!D105 -> 1176 | F56: =SUM(A56:D56) -> 29321
A57: =mem_dec!A57*mem_dec!A106 -> 6063 | B57: =mem_dec!B57*mem_dec!B106 -> 16465 | C57: =mem_dec!C57*mem_dec!C106 -> 7009 | D57: =mem_dec!D57*mem_dec!D106 -> 12584 | F57: =SUM(A57:D57) -> 42121
A58: =mem_dec!A58*mem_dec!A107 -> 14520 | B58: =mem_dec!B58*mem_dec!B107 -> 4800 | C58: =mem_dec!C58*mem_dec!C107 -> 19910 | D58: =mem_dec!D58*mem_dec!D107 -> 13108 | F58: =SUM(A58:D58) -> 52338
A59: =mem_dec!A59*mem_dec!A108 -> 11616 | B59: =mem_dec!B59*mem_dec!B108 -> 1764 | C59: =mem_dec!C59*mem_dec!C108 -> 31400 | D59: =mem_dec!D59*mem_dec!D108 -> 34661 | F59: =SUM(A59:D59) -> 79441
A60: =mem_dec!A60*mem_dec!A109 -> 2717 | B60: =mem_dec!B60*mem_dec!B109 -> 22620 | C60: =mem_dec!C60*mem_dec!C109 -> 44528 | D60: =mem_dec!D60*mem_dec!D109 -> 38976 | F60: =SUM(A60:D60) -> 108841
A61: =mem_dec!A61*mem_dec!A81 -> 0 | B61: =mem_dec!B61*mem_dec!B81 -> 9006 | C61: =mem_dec!C61*mem_dec!C81 -> 1147 | D61: =mem_dec!D61*mem_dec!D81 -> 332 | F61: =SUM(A61:D61) -> 10485 | H61: 1 | I61: =F61+F66+F71+F76 -> 136208
A62: =mem_dec!A62*mem_dec!A82 -> 35960 | B62: =mem_dec!B62*mem_dec!B82 -> 145 | C62: =mem_dec!C62*mem_dec!C82 -> 36652 | D62: =mem_dec!D62*mem_dec!D82 -> 5076 | F62: =SUM(A62:D62) -> 77833 | H62: 2 | I62: =F62+F67+F72+F77 -> 343756
A63: =mem_dec!A63*mem_dec!A83 -> 30315 | B63: =mem_dec!B63*mem_dec!B83 -> 46010 | C63: =mem_dec!C63*mem_dec!C83 -> 830 | D63: =mem_dec!D63*mem_dec!D83 -> 12936 | F63: =SUM(A63:D63) -> 90091 | H63: 3 | I63: =F63+F68+F73+F78 -> 180597
A64: =mem_dec!A64*mem_dec!A84 -> 35319 | B64: =mem_dec!B64*mem_dec!B84 -> 1215 | C64: =mem_dec!C64*mem_dec!C84 -> 12888 | D64: =mem_dec!D64*mem_dec!D84 -> 2187 | F64: =SUM(A64:D64) -> 51609 | H64: 4 | I64: =F64+F69+F74+F79 -> 255939
A65: =mem_dec!A65*mem_dec!A85 -> 48057 | B65: =mem_dec!B65*mem_dec!B85 -> 24150 | C65: =mem_dec!C65*mem_dec!C85 -> 3840 | D65: =mem_dec!D65*mem_dec!D85 -> 10584 | F65: =SUM(A65:D65) -> 86631 | H65: 5 | I65: =F65+F70+F75+F80 -> 397218
A66: =mem_dec!A66*mem_dec!A89 -> 26040 | B66: =mem_dec!B66*mem_dec!B89 -> 6528 | C66: =mem_dec!C66*mem_dec!C89 -> 17550 | D66: =mem_dec!D66*mem_dec!D89 -> 7761 | F66: =SUM(A66:D66) -> 57879 | H66: somma | I66: =SUM(I61:I65) -> 1313718
A67: =mem_dec!A67*mem_dec!A90 -> 20022 | B67: =mem_dec!B67*mem_dec!B90 -> 20601 | C67: =mem_dec!C67*mem_dec!C90 -> 17135 | D67: =mem_dec!D67*mem_dec!D90 -> 49896 | F67: =SUM(A67:D67) -> 107654
A68: =mem_dec!A68*mem_dec!A91 -> 13206 | B68: =mem_dec!B68*mem_dec!B91 -> 1134 | C68: =mem_dec!C68*mem_dec!C91 -> 13400 | D68: =mem_dec!D68*mem_dec!D91 -> 4389 | F68: =SUM(A68:D68) -> 32129
A69: =mem_dec!A69*mem_dec!A92 -> 11580 | B69: =mem_dec!B69*mem_dec!B92 -> 4959 | C69: =mem_dec!C69*mem_dec!C92 -> 19844 | D69: =mem_dec!D69*mem_dec!D92 -> 6318 | F69: =SUM(A69:D69) -> 42701
A70: =mem_dec!A70*mem_dec!A93 -> 32956 | B70: =mem_dec!B70*mem_dec!B93 -> 48705 | C70: =mem_dec!C70*mem_dec!C93 -> 129 | D70: =mem_dec!D70*mem_dec!D93 -> 29440 | F70: =SUM(A70:D70) -> 111230
A71: =mem_dec!A71*mem_dec!A97 -> 5246 | B71: =mem_dec!B71*mem_dec!B97 -> 72 | C71: =mem_dec!C71*mem_dec!C97 -> 6156 | D71: =mem_dec!D71*mem_dec!D97 -> 27863 | F71: =SUM(A71:D71) -> 39337
A72: =mem_dec!A72*mem_dec!A98 -> 12384 | B72: =mem_dec!B72*mem_dec!B98 -> 8066 | C72: =mem_dec!C72*mem_dec!C98 -> 14732 | D72: =mem_dec!D72*mem_dec!D98 -> 23219 | F72: =SUM(A72:D72) -> 58401
A73: =mem_dec!A73*mem_dec!A99 -> 5530 | B73: =mem_dec!B73*mem_dec!B99 -> 7360 | C73: =mem_dec!C73*mem_dec!C99 -> 4550 | D73: =mem_dec!D73*mem_dec!D99 -> 2133 | F73: =SUM(A73:D73) -> 19573
A74: =mem_dec!A74*mem_dec!A100 -> 33004 | B74: =mem_dec!B74*mem_dec!B100 -> 15200 | C74: =mem_dec!C74*mem_dec!C100 -> 36704 | D74: =mem_dec!D74*mem_dec!D100 -> 6253 | F74: =SUM(A74:D74) -> 91161
A75: =mem_dec!A75*mem_dec!A101 -> 43472 | B75: =mem_dec!B75*mem_dec!B101 -> 31980 | C75: =mem_dec!C75*mem_dec!C101 -> 3939 | D75: =mem_dec!D75*mem_dec!D101 -> 46434 | F75: =SUM(A75:D75) -> 125825
A76: =mem_dec!A105*mem_dec!A76 -> 18909 | B76: =mem_dec!B105*mem_dec!B76 -> 936 | C76: =mem_dec!C105*mem_dec!C76 -> 990 | D76: =mem_dec!D105*mem_dec!D76 -> 7672 | F76: =SUM(A76:D76) -> 28507
A77: =mem_dec!A106*mem_dec!A77 -> 24381 | B77: =mem_dec!B106*mem_dec!B77 -> 21716 | C77: =mem_dec!C106*mem_dec!C77 -> 40098 | D77: =mem_dec!D106*mem_dec!D77 -> 13673 | F77: =SUM(A77:D77) -> 99868
A78: =mem_dec!A107*mem_dec!A78 -> 7920 | B78: =mem_dec!B107*mem_dec!B78 -> 3600 | C78: =mem_dec!C107*mem_dec!C78 -> 22990 | D78: =mem_dec!D107*mem_dec!D78 -> 4294 | F78: =SUM(A78:D78) -> 38804
A79: =mem_dec!A108*mem_dec!A79 -> 29304 | B79: =mem_dec!B108*mem_dec!B79 -> 1274 | C79: =mem_dec!C108*mem_dec!C79 -> 16600 | D79: =mem_dec!D108*mem_dec!D79 -> 23290 | F79: =SUM(A79:D79) -> 70468
A80: =mem_dec!A109*mem_dec!A80 -> 1612 | B80: =mem_dec!B109*mem_dec!B80 -> 15912 | C80: =mem_dec!C109*mem_dec!C80 -> 16192 | D80: =mem_dec!D109*mem_dec!D80 -> 39816 | F80: =SUM(A80:D80) -> 73532

Sheet hex_out_col0
A1: =DEC2HEX(out_col0!A1) -> 0 | B1: =DEC2HEX(out_col0!B1) -> 2484 | C1: =DEC2HEX(out_col0!C1) -> 8D7 | D1: =DEC2HEX(out_col0!D1) -> 1BE2 | F1: =DEC2HEX(out_col0!F1) -> 493D | H1: =DEC2HEX(out_col0!H1) -> 1 | I1: =DEC2HEX(out_col0!I1) -> 21BDF
A2: =DEC2HEX(out_col0!A2) -> 429A | B2: =DEC2HEX(out_col0!B2) -> D3 | C2: =DEC2HEX(out_col0!C2) -> 6644 | D2: =DEC2HEX(out_col0!D2) -> 1BE8 | F2: =DEC2HEX(out_col0!F2) -> C599 | H2: =DEC2HEX(out_col0!H2) -> 2 | I2: =DEC2HEX(out_col0!I2) -> 3E087
A3: =DEC2HEX(out_col0!A3) -> 63C6 | B3: =DEC2HEX(out_col0!B3) -> 318D | C3: =DEC2HEX(out_col0!C3) -> 438 | D3: =DEC2HEX(out_col0!D3) -> 2CF4 | F3: =DEC2HEX(out_col0!F3) -> C67F | H3: =DEC2HEX(out_col0!H3) -> 3 | I3: =DEC2HEX(out_col0!I3) -> 39CC1
A4: =DEC2HEX(out_col0!A4) -> B7 | B4: =DEC2HEX(out_col0!B4) -> F0 | C4: =DEC2HEX(out_col0!C4) -> 2E68 | D4: =DEC2HEX(out_col0!D4) -> 10E0 | F4: =DEC2HEX(out_col0!F4) -> 40EF | H4: =DEC2HEX(out_col0!H4) -> 4 | I4: =DEC2HEX(out_col0!I4) -> 3E42E
A5: =DEC2HEX(out_col0!A5) -> 165F | B5: =DEC2HEX(out_col0!B5) -> 4026 | C5: =DEC2HEX(out_col0!C5) -> E10 | D5: =DEC2HEX(out_col0!D5) -> 4890 | F5: =DEC2HEX(out_col0!F5) -> AD25 | H5: =DEC2HEX(out_col0!H5) -> 5 | I5: =DEC2HEX(out_col0!I5) -> 31C1A
A6: =DEC2HEX(out_col0!A6) -> 1F8 | B6: =DEC2HEX(out_col0!B6) -> 23A0 | C6: =DEC2HEX(out_col0!C6) -> 4AF4 | D6: =DEC2HEX(out_col0!D6) -> 1617 | F6: =DEC2HEX(out_col0!F6) -> 86A3 | H6: somma | I6: =DEC2HEX(out_col0!I6) -> 10996F
A7: =DEC2HEX(out_col0!A7) -> 63D8 | B7: =DEC2HEX(out_col0!B7) -> 16FE | C7: =DEC2HEX(out_col0!C7) -> 4797 | D7: =DEC2HEX(out_col0!D7) -> D23F | F7: =DEC2HEX(out_col0!F7) -> 194AC
A8: =DEC2HEX(out_col0!A8) -> D356 | B8: =DEC2HEX(out_col0!B8) -> 444 | C8: =DEC2HEX(out_col0!C8) -> 3458 | D8: =DEC2HEX(out_col0!D8) -> 802D | F8: =DEC2HEX(out_col0!F8) -> 18C1F
A9: =DEC2HEX(out_col0!A9) -> B06A | B9: =DEC2HEX(out_col0!B9) -> B37 | C9: =DEC2HEX(out_col0!C9) -> AB1A | D9: =DEC2HEX(out_col0!D9) -> A20 | F9: =DEC2HEX(out_col0!F9) -> 170DB
A10: =DEC2HEX(out_col0!A10) -> 3656 | B10: =DEC2HEX(out_col0!B10) -> EF1 | C10: =DEC2HEX(out_col0!C10) -> C6E | D10: =DEC2HEX(out_col0!D10) -> 3336 | F10: =DEC2HEX(out_col0!F10) -> 84EB
A11: =DEC2HEX(out_col0!A11) -> A6A | B11: =DEC2HEX(out_col0!B11) -> 1638 | C11: =DEC2HEX(out_col0!C11) -> 1E6 | D11: =DEC2HEX(out_col0!D11) -> 2953 | F11: =DEC2HEX(out_col0!F11) -> 4BDB
A12: =DEC2HEX(out_col0!A12) -> 4260 | B12: =DEC2HEX(out_col0!B12) -> 1D0D | C12: =DEC2HEX(out_col0!C12) -> 4C2 | D12: =DEC2HEX(out_col0!D12) -> 4A98 | F12: =DEC2HEX(out_col0!F12) -> AEC7
A13: =DEC2HEX(out_col0!A13) -> 2F4E | B13: =DEC2HEX(out_col0!B13) -> BDC | C13: =DEC2HEX(out_col0!C13) -> 38E | D13: =DEC2HEX(out_col0!D13) -> 1332 | F13: =DEC2HEX(out_col0!F13) -> 51EA
A14: =DEC2HEX(out_col0!A14) -> 69CC | B14: =DEC2HEX(out_col0!B14) -> E40 | C14: =DEC2HEX(out_col0!C14) -> 427C | D14: =DEC2HEX(out_col0!D14) -> 1EEE | F14: =DEC2HEX(out_col0!F14) -> D976
A15: =DEC2HEX(out_col0!A15) -> 2B6B | B15: =DEC2HEX(out_col0!B15) -> 41FC | C15: =DEC2HEX(out_col0!C15) -> 13F5 | D15: =DEC2HEX(out_col0!D15) -> CD83 | F15: =DEC2HEX(out_col0!F15) -> 14EDF
A16: =DEC2HEX(out_col0!A16) -> 23D | B16: =DEC2HEX(out_col0!B16) -> CA02 | C16: =DEC2HEX(out_col0!C16) -> 205 | D16: =DEC2HEX(out_col0!D16) -> 31E0 | F16: =DEC2HEX(out_col0!F16) -> 10024
A17: =DEC2HEX(out_col0!A17) -> A95 | B17: =DEC2HEX(out_col0!B17) -> 1DE6 | C17: =DEC2HEX(out_col0!C17) -> 5881 | D17: =DEC2HEX(out_col0!D17) -> 567F | F17: =DEC2HEX(out_col0!F17) -> D77B
A18: =DEC2HEX(out_col0!A18) -> 21B0 | B18: =DEC2HEX(out_col0!B18) -> A0F0 | C18: =DEC2HEX(out_col0!C18) -> 29AE | D18: =DEC2HEX(out_col0!D18) -> BEB | F18: =DEC2HEX(out_col0!F18) -> F839
... A20: =DEC2HEX(out_col0!A20) -> 813 | B20: =DEC2HEX(out_col0!B20) -> 2E50 | C20: =DEC2HEX(out_col0!C20) -> 5EE0 | D20: =DEC2HEX(out_col0!D20) -> 5E8 | F20: =DEC2HEX(out_col0!F20) -> 9B2B
A21: =DEC2HEX(out_col0!A21) -> 0 | B21: =DEC2HEX(out_col0!B21) -> 1C34 | C21: =DEC2HEX(out_col0!C21) -> 1A85 | D21: =DEC2HEX(out_col0!D21) -> 1228 | F21: =DEC2HEX(out_col0!F21) -> 48E1 | H21: =DEC2HEX(out_col0!H21) -> 1 | I21: =DEC2HEX(out_col0!I21) -> 21527
A22: =DEC2HEX(out_col0!A22) -> 5F0F | B22: =DEC2HEX(out_col0!B22) -> 1 | C22: =DEC2HEX(out_col0!C22) -> 81F0 | D22: =DEC2HEX(out_col0!D22) -> F9B | F22: =DEC2HEX(out_col0!F22) -> F09B | H22: =DEC2HEX(out_col0!H22) -> 2 | I22: =DEC2HEX(out_col0!I22) -> 4770E | J22: =DEC2HEX(out_col0!J22) -> 68C35
A23: =DEC2HEX(out_col0!A23) -> 4D19 | B23: =DEC2HEX(out_col0!B23) -> 7C4C | C23: =DEC2HEX(out_col0!C23) -> 19A | D23: =DEC2HEX(out_col0!D23) -> 32DC | F23: =DEC2HEX(out_col0!F23) -> FDDB | H23: =DEC2HEX(out_col0!H23) -> 3 | I23: =DEC2HEX(out_col0!I23) -> 3340C | J23: =DEC2HEX(out_col0!J23) -> 9C041
A24: =DEC2HEX(out_col0!A24) -> 342F | B24: =DEC2HEX(out_col0!B24) -> E1 | C24: =DEC2HEX(out_col0!C24) -> 2D0 | D24: =DEC2HEX(out_col0!D24) -> 1734 | F24: =DEC2HEX(out_col0!F24) -> 4F14 | H24: =DEC2HEX(out_col0!H24) -> 4 | I24: =DEC2HEX(out_col0!I24) -> 3BCE8 | J24: =DEC2HEX(out_col0!J24) -> D7D29
A25: =DEC2HEX(out_col0!A25) -> D6F5 | B25: =DEC2HEX(out_col0!B25) -> 3A7D | C25: =DEC2HEX(out_col0!C25) -> 1176 | D25: =DEC2HEX(out_col0!D25) -> C570 | F25: =DEC2HEX(out_col0!F25) -> 1E858 | H25: =DEC2HEX(out_col0!H25) -> 5 | I25: =DEC2HEX(out_col0!I25) -> 68F3F | J25: =DEC2HEX(out_col0!J25) -> 140C68
A26: =DEC2HEX(out_col0!A26) -> 5010 | B26: =DEC2HEX(out_col0!B26) -> 1560 | C26: =DEC2HEX(out_col0!C26) -> 1BBA | D26: =DEC2HEX(out_col0!D26) -> 8AF | F26: =DEC2HEX(out_col0!F26) -> 89D9 | H26: somma | I26: =DEC2HEX(out_col0!I26) -> 140C68
A27: =DEC2HEX(out_col0!A27) -> CD83 | B27: =DEC2HEX(out_col0!B27) -> DA | C27: =DEC2HEX(out_col0!C27) -> 50E7 | D27: =DEC2HEX(out_col0!D27) -> D23F | F27: =DEC2HEX(out_col0!F27) -> 1F183
A28: =DEC2HEX(out_col0!A28) -> 1821 | B28: =DEC2HEX(out_col0!B28) -> 2124 | C28: =DEC2HEX(out_col0!C28) -> 19C8 | D28: =DEC2HEX(out_col0!D28) -> 54E8 | F28: =DEC2HEX(out_col0!F28) -> A7F5
A29: =DEC2HEX(out_col0!A29) -> 8936 | B29: =DEC2HEX(out_col0!B29) -> 12B1 | C29: =DEC2HEX(out_col0!C29) -> B0C6 | D29: =DEC2HEX(out_col0!D29) -> 1F38 | F29: =DEC2HEX(out_col0!F29) -> 16BE5
A30: =DEC2HEX(out_col0!A30) -> 93F6 | B30: =DEC2HEX(out_col0!B30) -> F807 | C30: =DEC2HEX(out_col0!C30) -> 1886 | D30: =DEC2HEX(out_col0!D30) -> D23C | F30: =DEC2HEX(out_col0!F30) -> 276BF
A31: =DEC2HEX(out_col0!A31) -> 1F94 | B31: =DEC2HEX(out_col0!B31) -> 3D08 | C31: =DEC2HEX(out_col0!C31) -> 639 | D31: =DEC2HEX(out_col0!D31) -> 7ACF | F31: =DEC2HEX(out_col0!F31) -> DDA4
A32: =DEC2HEX(out_col0!A32) -> 5220 | B32: =DEC2HEX(out_col0!B32) -> 1055 | C32: =DEC2HEX(out_col0!C32) -> DD2 | D32: =DEC2HEX(out_col0!D32) -> 7A10 | F32: =DEC2HEX(out_col0!F32) -> EA57
A33: =DEC2HEX(out_col0!A33) -> 3782 | B33: =DEC2HEX(out_col0!B33) -> 29B0 | C33: =DEC2HEX(out_col0!C33) -> A28 | D33: =DEC2HEX(out_col0!D33) -> 119D | F33: =DEC2HEX(out_col0!F33) -> 7CF7
A34: =DEC2HEX(out_col0!A34) -> 652C | B34: =DEC2HEX(out_col0!B34) -> 8630 | C34: =DEC2HEX(out_col0!C34) -> 7C4C | D34: =DEC2HEX(out_col0!D34) -> 20AA | F34: =DEC2HEX(out_col0!F34) -> 18852
A35: =DEC2HEX(out_col0!A35) -> 1CF2 | B35: =DEC2HEX(out_col0!B35) -> 849C | C35: =DEC2HEX(out_col0!C35) -> 1665 | D35: =DEC2HEX(out_col0!D35) -> B70C | F35: =DEC2HEX(out_col0!F35) -> 16EFF
A36: =DEC2HEX(out_col0!A36) -> 2311 | B36: =DEC2HEX(out_col0!B36) -> 35EE | C36: =DEC2HEX(out_col0!C36) -> 3B2 | D36: =DEC2HEX(out_col0!D36) -> 818 | F36: =DEC2HEX(out_col0!F36) -> 64C9
A37: =DEC2HEX(out_col0!A37) -> 50A | B37: =DEC2HEX(out_col0!B37) -> 2FA1 | C37: =DEC2HEX(out_col0!C37) -> 361F | D37: =DEC2HEX(out_col0!D37) -> 3FCF | F37: =DEC2HEX(out_col0!F37) -> AA99
A38: =DEC2HEX(out_col0!A38) -> 5D8 | B38: =DEC2HEX(out_col0!B38) -> B798 | C38: =DEC2HEX(out_col0!C38) -> 31D8 | D38: =DEC2HEX(out_col0!D38) -> 21FD | F38: =DEC2HEX(out_col0!F38) -> 11145
... A40: =DEC2HEX(out_col0!A40) -> 270 | B40: =DEC2HEX(out_col0!B40) -> 2EEC | C40: =DEC2HEX(out_col0!C40) -> 67C5 | D40: =DEC2HEX(out_col0!D40) -> 2808 | F40: =DEC2HEX(out_col0!F40) -> C129
A41: =DEC2HEX(out_col0!A41) -> 0 | B41: =DEC2HEX(out_col0!B41) -> 17C | C41: =DEC2HEX(out_col0!C41) -> 1C75 | D41: =DEC2HEX(out_col0!D41) -> 22B1 | F41: =DEC2HEX(out_col0!F41) -> 40A2 | H41: =DEC2HEX(out_col0!H41) -> 1 | I41: =DEC2HEX(out_col0!I41) -> 1DB22
A42: =DEC2HEX(out_col0!A42) -> 122A | B42: =DEC2HEX(out_col0!B42) -> 31 | C42: =DEC2HEX(out_col0!C42) -> 65AA | D42: =DEC2HEX(out_col0!D42) -> 239E | F42: =DEC2HEX(out_col0!F42) -> 9BA3 | H42: =DEC2HEX(out_col0!H42) -> 2 | I42: =DEC2HEX(out_col0!I42) -> 3ED59
A43: =DEC2HEX(out_col0!A43) -> 2FDF | B43: =DEC2HEX(out_col0!B43) -> 88E5 | C43: =DEC2HEX(out_col0!C43) -> 163 | D43: =DEC2HEX(out_col0!D43) -> 49D4 | F43: =DEC2HEX(out_col0!F43) -> 103FB | H43: =DEC2HEX(out_col0!H43) -> 3 | I43: =DEC2HEX(out_col0!I43) -> 2D5BE
A44: =DEC2HEX(out_col0!A44) -> B4DB | B44: =DEC2HEX(out_col0!B44) -> 4B5 | C44: =DEC2HEX(out_col0!C44) -> 29A0 | D44: =DEC2HEX(out_col0!D44) -> 61E | F44: =DEC2HEX(out_col0!F44) -> E94E | H44: =DEC2HEX(out_col0!H44) -> 4 | I44: =DEC2HEX(out_col0!I44) -> 44A09
A45: =DEC2HEX(out_col0!A45) -> EB62 | B45: =DEC2HEX(out_col0!B45) -> 9791 | C45: =DEC2HEX(out_col0!C45) -> 10FE | D45: =DEC2HEX(out_col0!D45) -> D4A0 | F45: =DEC2HEX(out_col0!F45) -> 26891 | H45: =DEC2HEX(out_col0!H45) -> 5 | I45: =DEC2HEX(out_col0!I45) -> 6D0DE
A46: =DEC2HEX(out_col0!A46) -> D20 | B46: =DEC2HEX(out_col0!B46) -> 5100 | C46: =DEC2HEX(out_col0!C46) -> 186 | D46: =DEC2HEX(out_col0!D46) -> 11AC | F46: =DEC2HEX(out_col0!F46) -> 7152 | H46: somma | I46: =DEC2HEX(out_col0!I46) -> 13B920
A47: =DEC2HEX(out_col0!A47) -> C531 | B47: =DEC2HEX(out_col0!B47) -> 3E97 | C47: =DEC2HEX(out_col0!C47) -> 13CA | D47: =DEC2HEX(out_col0!D47) -> 78EA | F47: =DEC2HEX(out_col0!F47) -> 1907C
A48: =DEC2HEX(out_col0!A48) -> 6F7E | B48: =DEC2HEX(out_col0!B48) -> 41A | C48: =DEC2HEX(out_col0!C48) -> 55F0 | D48: =DEC2HEX(out_col0!D48) -> 8FB | F48: =DEC2HEX(out_col0!F48) -> D283
A49: =DEC2HEX(out_col0!A49) -> 771E | B49: =DEC2HEX(out_col0!B49) -> 61E | C49: =DEC2HEX(out_col0!C49) -> 854A | D49: =DEC2HEX(out_col0!D49) -> 20B2 | F49: =DEC2HEX(out_col0!F49) -> 12338
A50: =DEC2HEX(out_col0!A50) -> 5E76 | B50: =DEC2HEX(out_col0!B50) -> 906F | C50: =DEC2HEX(out_col0!C50) -> 78F | D50: =DEC2HEX(out_col0!D50) -> C210 | F50: =DEC2HEX(out_col0!F50) -> 1B884
A51: =DEC2HEX(out_col0!A51) -> 1FEA | B51: =DEC2HEX(out_col0!B51) -> AB0 | C51: =DEC2HEX(out_col0!C51) -> 1425 | D51: =DEC2HEX(out_col0!D51) -> 77E6 | F51: =DEC2HEX(out_col0!F51) -> B6A5
A52: =DEC2HEX(out_col0!A52) -> 64B0 | B52: =DEC2HEX(out_col0!B52) -> 2491 | C52: =DEC2HEX(out_col0!C52) -> 1960 | D52: =DEC2HEX(out_col0!D52) -> 7A10 | F52: =DEC2HEX(out_col0!F52) -> 11CB1
A53: =DEC2HEX(out_col0!A53) -> 15E0 | B53: =DEC2HEX(out_col0!B53) -> 8FC | C53: =DEC2HEX(out_col0!C53) -> 52E | D53: =DEC2HEX(out_col0!D53) -> EC4 | F53: =DEC2HEX(out_col0!F53) -> 32CE
A54: =DEC2HEX(out_col0!A54) -> 27E4 | B54: =DEC2HEX(out_col0!B54) -> 6880 | C54: =DEC2HEX(out_col0!C54) -> 5218 | D54: =DEC2HEX(out_col0!D54) -> 24B6 | F54: =DEC2HEX(out_col0!F54) -> 10732
A55: =DEC2HEX(out_col0!A55) -> D34D | B55: =DEC2HEX(out_col0!B55) -> 15C8 | C55: =DEC2HEX(out_col0!C55) -> 1110 | D55: =DEC2HEX(out_col0!D55) -> C7B | F55: =DEC2HEX(out_col0!F55) -> 106A0
A56: =DEC2HEX(out_col0!A56) -> 5F80 | B56: =DEC2HEX(out_col0!B56) -> 3A8 | C56: =DEC2HEX(out_col0!C56) -> AC9 | D56: =DEC2HEX(out_col0!D56) -> 498 | F56: =DEC2HEX(out_col0!F56) -> 7289
A57: =DEC2HEX(out_col0!A57) -> 17AF | B57: =DEC2HEX(out_col0!B57) -> 4051 | C57: =DEC2HEX(out_col0!C57) -> 1B61 | D57: =DEC2HEX(out_col0!D57) -> 3128 | F57: =DEC2HEX(out_col0!F57) -> A489
A58: =DEC2HEX(out_col0!A58) -> 38B8 | B58: =DEC2HEX(out_col0!B58) -> 12C0 | C58: =DEC2HEX(out_col0!C58) -> 4DC6 | D58: =DEC2HEX(out_col0!D58) -> 3334 | F58: =DEC2HEX(out_col0!F58) -> CC72
... A60: =DEC2HEX(out_col0!A60) -> A9D | B60: =DEC2HEX(out_col0!B60) -> 585C | C60: =DEC2HEX(out_col0!C60) -> ADF0 | D60: =DEC2HEX(out_col0!D60) -> 9840 | F60: =DEC2HEX(out_col0!F60) -> 1A929
A61: =DEC2HEX(out_col0!A61) -> 0 | B61: =DEC2HEX(out_col0!B61) -> 232E | C61: =DEC2HEX(out_col0!C61) -> 47B | D61: =DEC2HEX(out_col0!D61) -> 14C | F61: =DEC2HEX(out_col0!F61) -> 28F5 | H61: =DEC2HEX(out_col0!H61) -> 1 | I61: =DEC2HEX(out_col0!I61) -> 21410
A62: =DEC2HEX(out_col0!A62) -> 8C78 | B62: =DEC2HEX(out_col0!B62) -> 91 | C62: =DEC2HEX(out_col0!C62) -> 8F2C | D62: =DEC2HEX(out_col0!D62) -> 13D4 | F62: =DEC2HEX(out_col0!F62) -> 13009 | H62: =DEC2HEX(out_col0!H62) -> 2 | I62: =DEC2HEX(out_col0!I62) -> 53ECC
A63: =DEC2HEX(out_col0!A63) -> 766B | B63: =DEC2HEX(out_col0!B63) -> B3BA | C63: =DEC2HEX(out_col0!C63) -> 33E | D63: =DEC2HEX(out_col0!D63) -> 3288 | F63: =DEC2HEX(out_col0!F63) -> 15FEB | H63: =DEC2HEX(out_col0!H63) -> 3 | I63: =DEC2HEX(out_col0!I63) -> 2C175
A64: =DEC2HEX(out_col0!A64) -> 89F7 | B64: =DEC2HEX(out_col0!B64) -> 4BF | C64: =DEC2HEX(out_col0!C64) -> 3258 | D64: =DEC2HEX(out_col0!D64) -> 88B | F64: =DEC2HEX(out_col0!F64) -> C999 | H64: =DEC2HEX(out_col0!H64) -> 4 | I64: =DEC2HEX(out_col0!I64) -> 3E7C3
A65: =DEC2HEX(out_col0!A65) -> BBB9 | B65: =DEC2HEX(out_col0!B65) -> 5E56 | C65: =DEC2HEX(out_col0!C65) -> F00 | D65: =DEC2HEX(out_col0!D65) -> 2958 | F65: =DEC2HEX(out_col0!F65) -> 15267 | H65: =DEC2HEX(out_col0!H65) -> 5 | I65: =DEC2HEX(out_col0!I65) -> 60FA2
A66: =DEC2HEX(out_col0!A66) -> 65B8 | B66: =DEC2HEX(out_col0!B66) -> 1980 | C66: =DEC2HEX(out_col0!C66) -> 448E | D66: =DEC2HEX(out_col0!D66) -> 1E51 | F66: =DEC2HEX(out_col0!F66) -> E217 | H66: somma | I66: =DEC2HEX(out_col0!I66) -> 140BB6
A67: =DEC2HEX(out_col0!A67) -> 4E36 | B67: =DEC2HEX(out_col0!B67) -> 5079 | C67: =DEC2HEX(out_col0!C67) -> 42EF | D67: =DEC2HEX(out_col0!D67) -> C2E8 | F67: =DEC2HEX(out_col0!F67) -> 1A486
A68: =DEC2HEX(out_col0!A68) -> 3396 | B68: =DEC2HEX(out_col0!B68) -> 46E | C68: =DEC2HEX(out_col0!C68) -> 3458 | D68: =DEC2HEX(out_col0!D68) -> 1125 | F68: =DEC2HEX(out_col0!F68) -> 7D81
A69: =DEC2HEX(out_col0!A69) -> 2D3C | B69: =DEC2HEX(out_col0!B69) -> 135F | C69: =DEC2HEX(out_col0!C69) -> 4D84 | D69: =DEC2HEX(out_col0!D69) -> 18AE | F69: =DEC2HEX(out_col0!F69) -> A6CD
A70: =DEC2HEX(out_col0!A70) -> 80BC | B70: =DEC2HEX(out_col0!B70) -> BE41 | C70: =DEC2HEX(out_col0!C70) -> 81 | D70: =DEC2HEX(out_col0!D70) -> 7300 | F70: =DEC2HEX(out_col0!F70) -> 1B27E
A71: =DEC2HEX(out_col0!A71) -> 147E | B71: =DEC2HEX(out_col0!B71) -> 48 | C71: =DEC2HEX(out_col0!C71) -> 180C | D71: =DEC2HEX(out_col0!D71) -> 6CD7 | F71: =DEC2HEX(out_col0!F71) -> 99A9
A72: =DEC2HEX(out_col0!A72) -> 3060 | B72: =DEC2HEX(out_col0!B72) -> 1F82 | C72: =DEC2HEX(out_col0!C72) -> 398C | D72: =DEC2HEX(out_col0!D72) -> 5AB3 | F72: =DEC2HEX(out_col0!F72) -> E421
A73: =DEC2HEX(out_col0!A73) -> 159A | B73: =DEC2HEX(out_col0!B73) -> 1CC0 | C73: =DEC2HEX(out_col0!C73) -> 11C6 | D73: =DEC2HEX(out_col0!D73) -> 855 | F73: =DEC2HEX(out_col0!F73) -> 4C75
A74: =DEC2HEX(out_col0!A74) -> 80EC | B74: =DEC2HEX(out_col0!B74) -> 3B60 | C74: =DEC2HEX(out_col0!C74) -> 8F60 | D74: =DEC2HEX(out_col0!D74) -> 186D | F74: =DEC2HEX(out_col0!F74) -> 16419
A75: =DEC2HEX(out_col0!A75) -> A9D0 | B75: =DEC2HEX(out_col0!B75) -> 7CEC | C75: =DEC2HEX(out_col0!C75) -> F63 | D75: =DEC2HEX(out_col0!D75) -> B562 | F75: =DEC2HEX(out_col0!F75) -> 1EB81
A76: =DEC2HEX(out_col0!A76) -> 49DD | B76: =DEC2HEX(out_col0!B76) -> 3A8 | C76: =DEC2HEX(out_col0!C76) -> 3DE | D76: =DEC2HEX(out_col0!D76) -> 1DF8 | F76: =DEC2HEX(out_col0!F76) -> 6F5B
A77: =DEC2HEX(out_col0!A77) -> 5F3D | B77: =DEC2HEX(out_col0!B77) -> 54D4 | C77: =DEC2HEX(out_col0!C77) -> 9CA2 | D77: =DEC2HEX(out_col0!D77) -> 3569 | F77: =DEC2HEX(out_col0!F77) -> 1861C
A78: =DEC2HEX(out_col0!A78) -> 1EF0 | B78: =DEC2HEX(out_col0!B78) -> E10 | C78: =DEC2HEX(out_col0!C78) -> 59CE | D78: =DEC2HEX(out_col0!D78) -> 10C6 | F78: =DEC2HEX(out_col0!F78) -> 9794
... A80: =DEC2HEX(out_col0!A80) -> 64C | B80: =DEC2HEX(out_col0!B80) -> 3E28 | C80: =DEC2HEX(out_col0!C80) -> 3F40 | D80: =DEC2HEX(out_col0!D80) -> 9B88 | F80: =DEC2HEX(out_col0!F80) -> 11F3C

Sheet out_col1
A1: =mem_dec!A1*mem_dec!A82 -> 8525 | B1: =mem_dec!B1*mem_dec!B82 -> 246 | C1: =mem_dec!C1*mem_dec!C82 -> 11242 | D1: =mem_dec!D1*mem_dec!D82 -> 4042 | F1: =SUM(A1:D1) -> 24055 | H1: 1 | I1: =F1+F6+F11+F16 -> 184341
A2: =mem_dec!A2*mem_dec!A83 -> 14190 | B2: =mem_dec!B2*mem_dec!B83 -> 45365 | C2: =mem_dec!C2*mem_dec!C83 -> 850 | D2: =mem_dec!D2*mem_dec!D83 -> 12768 | F2: =SUM(A2:D2) -> 73173 | H2: 2 | I2: =F2+F7+F12+F17 -> 237443
A3: =mem_dec!A3*mem_dec!A84 -> 36234 | B3: =mem_dec!B3*mem_dec!B84 -> 295 | C3: =mem_dec!C3*mem_dec!C84 -> 15552 | D3: =mem_dec!D3*mem_dec!D84 -> 3699 | F3: =SUM(A3:D3) -> 55780 | H3: 3 | I3: =F3+F8+F13+F18 -> 232931
A4: =mem_dec!A4*mem_dec!A85 -> 249 | B4: =mem_dec!B4*mem_dec!B85 -> 7728 | C4: =mem_dec!C4*mem_dec!C85 -> 4950 | D4: =mem_dec!D4*mem_dec!D85 -> 34560 | F4: =SUM(A4:D4) -> 47487 | H4: 4 | I4: =F4+F9+F14+F19 -> 329766
A5: =mem_dec!A5*mem_dec!A86 -> 1403 | B5: =mem_dec!B5*mem_dec!B86 -> 13464 | C5: =mem_dec!C5*mem_dec!C86 -> 12120 | D5: =mem_dec!D5*mem_dec!D86 -> 11180 | F5: =SUM(A5:D5) -> 38167 | H5: 5 | I5: =F5+F10+F15+F20 -> 162209
A6: =mem_dec!A6*mem_dec!A90 -> 639 | B6: =mem_dec!B6*mem_dec!B90 -> 10355 | C6: =mem_dec!C6*mem_dec!C90 -> 36654 | D6: =mem_dec!D6*mem_dec!D90 -> 33495 | F6: =SUM(A6:D6) -> 81143 | H6: somma | I6: =SUM(I1:I5) -> 1146690
A7: =mem_dec!A7*mem_dec!A91 -> 25560 | B7: =mem_dec!B7*mem_dec!B91 -> 2268 | C7: =mem_dec!C7*mem_dec!C91 -> 12300 | D7: =mem_dec!D7*mem_dec!D91 -> 48697 | F7: =SUM(A7:D7) -> 88825
A8: =mem_dec!A8*mem_dec!A92 -> 49022 | B8: =mem_dec!B8*mem_dec!B92 -> 754 | C8: =mem_dec!C8*mem_dec!C92 -> 32428 | D8: =mem_dec!D8*mem_dec!D92 -> 8478 | F8: =SUM(A8:D8) -> 90682
A9: =mem_dec!A9*mem_dec!A93 -> 50076 | B9: =mem_dec!B9*mem_dec!B93 -> 25245 | C9: =mem_dec!C9*mem_dec!C93 -> 7783 | D9: =mem_dec!D9*mem_dec!D93 -> 11040 | F9: =SUM(A9:D9) -> 94144
A10: =mem_dec!A10*mem_dec!A94 -> 2665 | B10: =mem_dec!B10*mem_dec!B94 -> 3300 | C10: =mem_dec!C10*mem_dec!C94 -> 11544 | D10: =mem_dec!D10*mem_dec!D94 -> 1083 | F10: =SUM(A10:D10) -> 18592
A11: =mem_dec!A11*mem_dec!A98 -> 4464 | B11: =mem_dec!B11*mem_dec!B98 -> 2923 | C11: =mem_dec!C11*mem_dec!C98 -> 1044 | D11: =mem_dec!D11*mem_dec!D98 -> 15407 | F11: =SUM(A11:D11) -> 23838
A12: =mem_dec!A12*mem_dec!A99 -> 8260 | B12: =mem_dec!B12*mem_dec!B99 -> 9246 | C12: =mem_dec!C12*mem_dec!C99 -> 546 | D12: =mem_dec!D12*mem_dec!D99 -> 2376 | F12: =SUM(A12:D12) -> 20428
A13: =mem_dec!A13*mem_dec!A100 -> 25604 | B13: =mem_dec!B13*mem_dec!B100 -> 10032 | C13: =mem_dec!C13*mem_dec!C100 -> 5180 | D13: =mem_dec!D13*mem_dec!D100 -> 6734 | F13: =SUM(A13:D13) -> 47550
A14: =mem_dec!A14*mem_dec!A101 -> 45201 | B14: =mem_dec!B14*mem_dec!B101 -> 3936 | C14: =mem_dec!C14*mem_dec!C101 -> 4485 | D14: =mem_dec!D14*mem_dec!D101 -> 45582 | F14: =SUM(A14:D14) -> 99204
A15: =mem_dec!A15*mem_dec!A102 -> 720 | B15: =mem_dec!B15*mem_dec!B102 -> 24823 | C15: =mem_dec!C15*mem_dec!C102 -> 17161 | D15: =mem_dec!D15*mem_dec!D102 -> 21242 | F15: =SUM(A15:D15) -> 63946
A16: =mem_dec!A16*mem_dec!A106 -> 387 | B16: =mem_dec!B16*mem_dec!B106 -> 19669 | C16: =mem_dec!C16*mem_dec!C106 -> 7661 | D16: =mem_dec!D16*mem_dec!D106 -> 27588 | F16: =SUM(A16:D16) -> 55305
A17: =mem_dec!A17*mem_dec!A107 -> 1848 | B17: =mem_dec!B17*mem_dec!B107 -> 17200 | C17: =mem_dec!C17*mem_dec!C107 -> 15290 | D17: =mem_dec!D17*mem_dec!D107 -> 20679 | F17: =SUM(A17:D17) -> 55017
A18: =mem_dec!A18*mem_dec!A108 -> 12936 | B18: =mem_dec!B18*mem_dec!B108 -> 2884 | C18: =mem_dec!C18*mem_dec!C108 -> 19400 | D18: =mem_dec!D18*mem_dec!D108 -> 3699 | F18: =SUM(A18:D18) -> 38919
A19: =mem_dec!A19*mem_dec!A109 -> 3224 | B19: =mem_dec!B19*mem_dec!B109 -> 18252 | C19: =mem_dec!C19*mem_dec!C109 -> 43263 | D19: =mem_dec!D19*mem_dec!D109 -> 24192 | F19: =SUM(A19:D19) -> 88931
A20: =mem_dec!A20*mem_dec!A110 -> 14310 | B20: =mem_dec!B20*mem_dec!B110 -> 18164 | C20: =mem_dec!C20*mem_dec!C110 -> 7104 | D20: =mem_dec!D20*mem_dec!D110 -> 1926 | F20: =SUM(A20:D20) -> 41504
A21: =mem_dec!A21*mem_dec!A81 -> 0 | B21: =mem_dec!B21*mem_dec!B81 -> 7220 | C21: =mem_dec!C21*mem_dec!C81 -> 6789 | D21: =mem_dec!D21*mem_dec!D81 -> 4648 | F21: =SUM(A21:D21) -> 18657 | H21: 1 | I21: =F21+F26+F31+F36 -> 130674
A22: =mem_dec!A22*mem_dec!A82 -> 24335 | B22: =mem_dec!B22*mem_dec!B82 -> 1 | C22: =mem_dec!C22*mem_dec!C82 -> 33264 | D22: =mem_dec!D22*mem_dec!D82 -> 3995 | F22: =SUM(A22:D22) -> 61595 | H22: 2 | I22: =F22+F27+F32+F37 -> 295714
A23: =mem_dec!A23*mem_dec!A83 -> 19737 | B23: =mem_dec!B23*mem_dec!B83 -> 31820 | C23: =mem_dec!C23*mem_dec!C83 -> 410 | D23: =mem_dec!D23*mem_dec!D83 -> 13020 | F23: =SUM(A23:D23) -> 64987 | H23: 3 | I23: =F23+F28+F33+F38 -> 308447
A24: =mem_dec!A24*mem_dec!A84 -> 13359 | B24: =mem_dec!B24*mem_dec!B84 -> 225 | C24: =mem_dec!C24*mem_dec!C84 -> 720 | D24: =mem_dec!D24*mem_dec!D84 -> 5940 | F24: =SUM(A24:D24) -> 20244 | H24: 4 | I24: =F24+F29+F34+F39 -> 294664
A25: =mem_dec!A25*mem_dec!A85 -> 55029 | B25: =mem_dec!B25*mem_dec!B85 -> 14973 | C25: =mem_dec!C25*mem_dec!C85 -> 4470 | D25: =mem_dec!D25*mem_dec!D85 -> 50544 | F25: =SUM(A25:D25) -> 125016 | H25: 5 | I25: =F25+F30+F35+F40 -> 365190
A26: =mem_dec!A26*mem_dec!A90 -> 25986 | B26: =mem_dec!B26*mem_dec!B90 -> 6213 | C26: =mem_dec!C26*mem_dec!C90 -> 13559 | D26: =mem_dec!D26*mem_dec!D90 -> 13167 | F26: =SUM(A26:D26) -> 58925 | H26: somma | I26: =SUM(I21:I25) -> 1394689
A27: =mem_dec!A27*mem_dec!A91 -> 52611 | B27: =mem_dec!B27*mem_dec!B91 -> 84 | C27: =mem_dec!C27*mem_dec!C91 -> 13900 | D27: =mem_dec!D27*mem_dec!D91 -> 48697 | F27: =SUM(A27:D27) -> 115292
A28: =mem_dec!A28*mem_dec!A92 -> 5597 | B28: =mem_dec!B28*mem_dec!B92 -> 5858 | C28: =mem_dec!C28*mem_dec!C92 -> 15972 | D28: =mem_dec!D28*mem_dec!D92 -> 5616 | F28: =SUM(A28:D28) -> 33043
A29: =mem_dec!A29*mem_dec!A93 -> 38948 | B29: =mem_dec!B29*mem_dec!B93 -> 42075 | C29: =mem_dec!C29*mem_dec!C93 -> 8041 | D29: =mem_dec!D29*mem_dec!D93 -> 34040 | F29: =SUM(A29:D29) -> 123104
A30: =mem_dec!A30*mem_dec!A94 -> 7257 | B30: =mem_dec!B30*mem_dec!B94 -> 54780 | C30: =mem_dec!C30*mem_dec!C94 -> 22776 | D30: =mem_dec!D30*mem_dec!D94 -> 4446 | F30: =SUM(A30:D30) -> 89259
A31: =mem_dec!A31*mem_dec!A99 -> 6580 | B31: =mem_dec!B31*mem_dec!B99 -> 9982 | C31: =mem_dec!C31*mem_dec!C99 -> 1534 | D31: =mem_dec!D31*mem_dec!D99 -> 5697 | F31: =SUM(A31:D31) -> 23793
A32: =mem_dec!A32*mem_dec!A100 -> 21608 | B32: =mem_dec!B32*mem_dec!B100 -> 17176 | C32: =mem_dec!C32*mem_dec!C100 -> 9028 | D32: =mem_dec!D32*mem_dec!D100 -> 5328 | F32: =SUM(A32:D32) -> 53140
A33: =mem_dec!A33*mem_dec!A101 -> 50141 | B33: =mem_dec!B33*mem_dec!B101 -> 38048 | C33: =mem_dec!C33*mem_dec!C101 -> 3900 | D33: =mem_dec!D33*mem_dec!D101 -> 35571 | F33: =SUM(A33:D33) -> 127660
A34: =mem_dec!A34*mem_dec!A102 -> 2800 | B34: =mem_dec!B34*mem_dec!B102 -> 54466 | C34: =mem_dec!C34*mem_dec!C102 -> 28165 | D34: =mem_dec!D34*mem_dec!D102 -> 19436 | F34: =SUM(A34:D34) -> 104867
A35: =mem_dec!A35*mem_dec!A103 -> 5580 | B35: =mem_dec!B35*mem_dec!B103 -> 49266 | C35: =mem_dec!C35*mem_dec!C103 -> 147 | D35: =mem_dec!D35*mem_dec!D103 -> 45760 | F35: =SUM(A35:D35) -> 100753
A36: =mem_dec!A36*mem_dec!A108 -> 6204 | B36: =mem_dec!B36*mem_dec!B108 -> 826 | C36: =mem_dec!C36*mem_dec!C108 -> 17200 | D36: =mem_dec!D36*mem_dec!D108 -> 5069 | F36: =SUM(A36:D36) -> 29299
A37: =mem_dec!A37*mem_dec!A109 -> 130 | B37: =mem_dec!B37*mem_dec!B109 -> 21372 | C37: =mem_dec!C37*mem_dec!C109 -> 21505 | D37: =mem_dec!D37*mem_dec!D109 -> 22680 | F37: =SUM(A37:D37) -> 65687
A38: =mem_dec!A38*mem_dec!A110 -> 1530 | B38: =mem_dec!B38*mem_dec!B110 -> 56165 | C38: =mem_dec!C38*mem_dec!C110 -> 8584 | D38: =mem_dec!D38*mem_dec!D110 -> 16478 | F38: =SUM(A38:D38) -> 82757
A39: =mem_dec!A39*mem_dec!A111 -> 3850 | B39: =mem_dec!B39*mem_dec!B111 -> 24780 | C39: =mem_dec!C39*mem_dec!C111 -> 10010 | D39: =mem_dec!D39*mem_dec!D111 -> 7809 | F39: =SUM(A39:D39) -> 46449
A40: =mem_dec!A40*mem_dec!A112 -> 3648 | B40: =mem_dec!B40*mem_dec!B112 -> 18249 | C40: =mem_dec!C40*mem_dec!C112 -> 22470 | D40: =mem_dec!D40*mem_dec!D112 -> 5795 | F40: =SUM(A40:D40) -> 50162
A41: =mem_dec!A41*mem_dec!A81 -> 0 | B41: =mem_dec!B41*mem_dec!B81 -> 380 | C41: =mem_dec!C41*mem_dec!C81 -> 7285 | D41: =mem_dec!D41*mem_dec!D81 -> 8881 | F41: =SUM(A41:D41) -> 16546 | H41: 1 | I41: =F41+F46+F51+F56 -> 160846
A42: =mem_dec!A42*mem_dec!A82 -> 4650 | B42: =mem_dec!B42*mem_dec!B82 -> 49 | C42: =mem_dec!C42*mem_dec!C82 -> 26026 | D42: =mem_dec!D42*mem_dec!D82 -> 9118 | F42: =SUM(A42:D42) -> 39843 | H42: 2 | I42: =F42+F47+F52+F57 -> 272578
A43: =mem_dec!A43*mem_dec!A83 -> 12255 | B43: =mem_dec!B43*mem_dec!B83 -> 35045 | C43: =mem_dec!C43*mem_dec!C83 -> 355 | D43: =mem_dec!D43*mem_dec!D83 -> 18900 | F43: =SUM(A43:D43) -> 66555 | H43: 3 | I43: =F43+F48+F53+F58 -> 265549
A44: =mem_dec!A44*mem_dec!A84 -> 46299 | B44: =mem_dec!B44*mem_dec!B84 -> 1205 | C44: =mem_dec!C44*mem_dec!C84 -> 10656 | D44: =mem_dec!D44*mem_dec!D84 -> 1566 | F44: =SUM(A44:D44) -> 59726 | H44: 4 | I44: =F44+F49+F54+F59 -> 310968
A45: =mem_dec!A45*mem_dec!A85 -> 60258 | B45: =mem_dec!B45*mem_dec!B85 -> 38801 | C45: =mem_dec!C45*mem_dec!C85 -> 4350 | D45: =mem_dec!D45*mem_dec!D85 -> 54432 | F45: =SUM(A45:D45) -> 157841 | H45: 5 | I45: =F45+F50+F55+F60 -> 367509
A46: =mem_dec!A90*mem_dec!A46 -> 4260 | B46: =mem_dec!B90*mem_dec!B46 -> 23544 | C46: =mem_dec!C90*mem_dec!C46 -> 745 | D46: =mem_dec!D90*mem_dec!D46 -> 26796 | F46: =SUM(A46:D46) -> 55345 | H46: somma | I46: =SUM(I41:I45) -> 1377450
A47: =mem_dec!A91*mem_dec!A47 -> 50481 | B47: =mem_dec!B91*mem_dec!B47 -> 6174 | C47: =mem_dec!C91*mem_dec!C47 -> 3400 | D47: =mem_dec!D91*mem_dec!D47 -> 28006 | F47: =SUM(A47:D47) -> 88061
A48: =mem_dec!A92*mem_dec!A48 -> 25862 | B48: =mem_dec!B92*mem_dec!B48 -> 725 | C48: =mem_dec!C92*mem_dec!C48 -> 53240 | D48: =mem_dec!D92*mem_dec!D48 -> 594 | F48: =SUM(A48:D48) -> 80421
A49: =mem_dec!A93*mem_dec!A49 -> 33812 | B49: =mem_dec!B93*mem_dec!B49 -> 13770 | C49: =mem_dec!C93*mem_dec!C49 -> 6063 | D49: =mem_dec!D93*mem_dec!D49 -> 35650 | F49: =SUM(A49:D49) -> 89295
A50: =mem_dec!A94*mem_dec!A50 -> 4633 | B50: =mem_dec!B94*mem_dec!B50 -> 31900 | C50: =mem_dec!C94*mem_dec!C50 -> 7020 | D50: =mem_dec!D94*mem_dec!D50 -> 4104 | F50: =SUM(A50:D50) -> 47657
A51: =mem_dec!A51*mem_dec!A99 -> 6650 | B51: =mem_dec!B51*mem_dec!B99 -> 1748 | C51: =mem_dec!C51*mem_dec!C99 -> 4966 | D51: =mem_dec!D51*mem_dec!D99 -> 5562 | F51: =SUM(A51:D51) -> 18926
A52: =mem_dec!A52*mem_dec!A100 -> 26492 | B52: =mem_dec!B52*mem_dec!B100 -> 38456 | C52: =mem_dec!C52*mem_dec!C100 -> 16576 | D52: =mem_dec!D52*mem_dec!D100 -> 5328 | F52: =SUM(A52:D52) -> 86852
A53: =mem_dec!A53*mem_dec!A101 -> 19760 | B53: =mem_dec!B53*mem_dec!B101 -> 8200 | C53: =mem_dec!C53*mem_dec!C101 -> 1989 | D53: =mem_dec!D53*mem_dec!D101 -> 29820 | F53: =SUM(A53:D53) -> 59769
A54: =mem_dec!A54*mem_dec!A102 -> 1104 | B54: =mem_dec!B54*mem_dec!B102 -> 42416 | C54: =mem_dec!C54*mem_dec!C102 -> 18602 | D54: =mem_dec!D54*mem_dec!D102 -> 21844 | F54: =SUM(A54:D54) -> 83966
A55: =mem_dec!A55*mem_dec!A103 -> 40734 | B55: =mem_dec!B55*mem_dec!B103 -> 8092 | C55: =mem_dec!C55*mem_dec!C103 -> 112 | D55: =mem_dec!D55*mem_dec!D103 -> 3120 | F55: =SUM(A55:D55) -> 52058
A56: =mem_dec!A56*mem_dec!A108 -> 16896 | B56: =mem_dec!B56*mem_dec!B108 -> 56 | C56: =mem_dec!C56*mem_dec!C108 -> 50200 | D56: =mem_dec!D56*mem_dec!D108 -> 2877 | F56: =SUM(A56:D56) -> 70029
A57: =mem_dec!A57*mem_dec!A109 -> 611 | B57: =mem_dec!B57*mem_dec!B109 -> 28860 | C57: =mem_dec!C57*mem_dec!C109 -> 10879 | D57: =mem_dec!D57*mem_dec!D109 -> 17472 | F57: =SUM(A57:D57) -> 57822
A58: =mem_dec!A58*mem_dec!A110 -> 14850 | B58: =mem_dec!B58*mem_dec!B110 -> 5736 | C58: =mem_dec!C58*mem_dec!C110 -> 13394 | D58: =mem_dec!D58*mem_dec!D110 -> 24824 | F58: =SUM(A58:D58) -> 58804
A59: =mem_dec!A59*mem_dec!A111 -> 9680 | B59: =mem_dec!B59*mem_dec!B111 -> 13230 | C59: =mem_dec!C59*mem_dec!C111 -> 20410 | D59: =mem_dec!D59*mem_dec!D111 -> 34661 | F59: =SUM(A59:D59) -> 77981
A60: =mem_dec!A60*mem_dec!A112 -> 15884 | B60: =mem_dec!B60*mem_dec!B112 -> 34365 | C60: =mem_dec!C60*mem_dec!C112 -> 37664 | D60: =mem_dec!D60*mem_dec!D112 -> 22040 | F60: =SUM(A60:D60) -> 109953
A61: =mem_dec!A61*mem_dec!A82 -> 23560 | B61: =mem_dec!B61*mem_dec!B82 -> 237 | C61: =mem_dec!C61*mem_dec!C82 -> 5698 | D61: =mem_dec!D61*mem_dec!D82 -> 188 | F61: =SUM(A61:D61) -> 29683 | H61: 1 | I61: =F61+F66+F71+F76 -> 218287
A62: =mem_dec!A62*mem_dec!A83 -> 29928 | B62: =mem_dec!B62*mem_dec!B83 -> 31175 | C62: =mem_dec!C62*mem_dec!C83 -> 1190 | D62: =mem_dec!D62*mem_dec!D83 -> 9072 | F62: =SUM(A62:D62) -> 71365 | H62: 2 | I62: =F62+F67+F72+F77 -> 335091
A63: =mem_dec!A63*mem_dec!A84 -> 43005 | B63: =mem_dec!B63*mem_dec!B84 -> 1070 | C63: =mem_dec!C63*mem_dec!C84 -> 11952 | D63: =mem_dec!D63*mem_dec!D84 -> 4158 | F63: =SUM(A63:D63) -> 60185 | H63: 3 | I63: =F63+F68+F73+F78 -> 165292
A64: =mem_dec!A64*mem_dec!A85 -> 48057 | B64: =mem_dec!B64*mem_dec!B85 -> 39123 | C64: =mem_dec!C64*mem_dec!C85 -> 5370 | D64: =mem_dec!D64*mem_dec!D85 -> 17496 | F64: =SUM(A64:D64) -> 110046 | H64: 4 | I64: =F64+F69+F74+F79 -> 371156
A65: =mem_dec!A65*mem_dec!A86 -> 11773 | B65: =mem_dec!B65*mem_dec!B86 -> 19800 | C65: =mem_dec!C65*mem_dec!C86 -> 12928 | D65: =mem_dec!D65*mem_dec!D86 -> 6370 | F65: =SUM(A65:D65) -> 50871 | H65: 5 | I65: =F65+F70+F75+F80 -> 329446
A66: =mem_dec!A66*mem_dec!A87 -> 12090 | B66: =mem_dec!B66*mem_dec!B87 -> 3740 | C66: =mem_dec!C66*mem_dec!C87 -> 49725 | D66: =mem_dec!D66*mem_dec!D87 -> 14328 | F66: =SUM(A66:D66) -> 79883 | H66: somma | I66: =SUM(I61:I65) -> 1419272
A67: =mem_dec!A67*mem_dec!A88 -> 12878 | B67: =mem_dec!B67*mem_dec!B88 -> 29484 | C67: =mem_dec!C67*mem_dec!C88 -> 17365 | D67: =mem_dec!D67*mem_dec!D88 -> 19440 | F67: =SUM(A67:D67) -> 79167
A68: =mem_dec!A68*mem_dec!A89 -> 10416 | B68: =mem_dec!B68*mem_dec!B89 -> 2592 | C68: =mem_dec!C68*mem_dec!C89 -> 10452 | D68: =mem_dec!D68*mem_dec!D89 -> 819 | F68: =SUM(A68:D68) -> 24279
A69: =mem_dec!A69*mem_dec!A90 -> 12780 | B69: =mem_dec!B69*mem_dec!B90 -> 18639 | C69: =mem_dec!C69*mem_dec!C90 -> 12218 | D69: =mem_dec!D69*mem_dec!D90 -> 27027 | F69: =SUM(A69:D69) -> 70664
A70: =mem_dec!A70*mem_dec!A91 -> 32802 | B70: =mem_dec!B70*mem_dec!B91 -> 8022 | C70: =mem_dec!C70*mem_dec!C91 -> 300 | D70: =mem_dec!D70*mem_dec!D91 -> 26752 | F70: =SUM(A70:D70) -> 67876
A71: =mem_dec!A71*mem_dec!A92 -> 11773 | B71: =mem_dec!B71*mem_dec!B92 -> 29 | C71: =mem_dec!C71*mem_dec!C92 -> 55176 | D71: =mem_dec!D71*mem_dec!D92 -> 10098 | F71: =SUM(A71:D71) -> 77076
A72: =mem_dec!A72*mem_dec!A93 -> 18404 | B72: =mem_dec!B72*mem_dec!B93 -> 55590 | C72: =mem_dec!C72*mem_dec!C93 -> 10922 | D72: =mem_dec!D72*mem_dec!D93 -> 24610 | F72: =SUM(A72:D72) -> 109526
A73: =mem_dec!A73*mem_dec!A94 -> 3239 | B73: =mem_dec!B73*mem_dec!B94 -> 35200 | C73: =mem_dec!C73*mem_dec!C94 -> 27300 | D73: =mem_dec!D73*mem_dec!D94 -> 1501 | F73: =SUM(A73:D73) -> 67240
A74: =mem_dec!A74*mem_dec!A95 -> 53297 | B74: =mem_dec!B74*mem_dec!B95 -> 7900 | C74: =mem_dec!C74*mem_dec!C95 -> 48608 | D74: =mem_dec!D74*mem_dec!D95 -> 15379 | F74: =SUM(A74:D74) -> 125184
A75: =mem_dec!A75*mem_dec!A96 -> 19888 | B75: =mem_dec!B75*mem_dec!B96 -> 42900 | C75: =mem_dec!C75*mem_dec!C96 -> 18584 | D75: =mem_dec!D75*mem_dec!D96 -> 28994 | F75: =SUM(A75:D75) -> 110366
A76: =mem_dec!A76*mem_dec!A97 -> 8514 | B76: =mem_dec!B76*mem_dec!B97 -> 288 | C76: =mem_dec!C76*mem_dec!C97 -> 2430 | D76: =mem_dec!D76*mem_dec!D97 -> 20413 | F76: =SUM(A76:D76) -> 31645
A77: =mem_dec!A77*mem_dec!A98 -> 27216 | B77: =mem_dec!B77*mem_dec!B98 -> 9028 | C77: =mem_dec!C77*mem_dec!C98 -> 14268 | D77: =mem_dec!D77*mem_dec!D98 -> 24521 | F77: =SUM(A77:D77) -> 75033
A78: =mem_dec!A78*mem_dec!A99 -> 6300 | B78: =mem_dec!B78*mem_dec!B99 -> 828 | C78: =mem_dec!C78*mem_dec!C99 -> 5434 | D78: =mem_dec!D78*mem_dec!D99 -> 1026 | F78: =SUM(A78:D78) -> 13588
... A80: =mem_dec!A80*mem_dec!A101 -> 30628 | B80: =mem_dec!B80*mem_dec!B101 -> 16728 | C80: =mem_dec!C80*mem_dec!C101 -> 2496 | D80: =mem_dec!D80*mem_dec!D101 -> 50481 | F80: =SUM(A80:D80) -> 100333

Sheet hex_out_col1
A1: =DEC2HEX(out_col1!A1) -> 214D | B1: =DEC2HEX(out_col1!B1) -> F6 | C1: =DEC2HEX(out_col1!C1) -> 2BEA | D1: =DEC2HEX(out_col1!D1) -> FCA | F1: =DEC2HEX(out_col1!F1) -> 5DF7 | H1: 1 | I1: =DEC2HEX(out_col1!I1) -> 2D015
A2: =DEC2HEX(out_col1!A2) -> 376E | B2: =DEC2HEX(out_col1!B2) -> B135 | C2: =DEC2HEX(out_col1!C2) -> 352 | D2: =DEC2HEX(out_col1!D2) -> 31E0 | F2: =DEC2HEX(out_col1!F2) -> 11DD5 | H2: 2 | I2: =DEC2HEX(out_col1!I2) -> 39F83
A3: =DEC2HEX(out_col1!A3) -> 8D8A | B3: =DEC2HEX(out_col1!B3) -> 127 | C3: =DEC2HEX(out_col1!C3) -> 3CC0 | D3: =DEC2HEX(out_col1!D3) -> E73 | F3: =DEC2HEX(out_col1!F3) -> D9E4 | H3: 3 | I3: =DEC2HEX(out_col1!I3) -> 38DE3
A4: =DEC2HEX(out_col1!A4) -> F9 | B4: =DEC2HEX(out_col1!B4) -> 1E30 | C4: =DEC2HEX(out_col1!C4) -> 1356 | D4: =DEC2HEX(out_col1!D4) -> 8700 | F4: =DEC2HEX(out_col1!F4) -> B97F | H4: 4 | I4: =DEC2HEX(out_col1!I4) -> 50826
A5: =DEC2HEX(out_col1!A5) -> 57B | B5: =DEC2HEX(out_col1!B5) -> 3498 | C5: =DEC2HEX(out_col1!C5) -> 2F58 | D5: =DEC2HEX(out_col1!D5) -> 2BAC | F5: =DEC2HEX(out_col1!F5) -> 9517 | H5: 5 | I5: =DEC2HEX(out_col1!I5) -> 279A1
A6: =DEC2HEX(out_col1!A6) -> 27F | B6: =DEC2HEX(out_col1!B6) -> 2873 | C6: =DEC2HEX(out_col1!C6) -> 8F2E | D6: =DEC2HEX(out_col1!D6) -> 82D7 | F6: =DEC2HEX(out_col1!F6) -> 13CF7 | H6: somma | I6: =DEC2HEX(out_col1!I6) -> 117F42
A7: =DEC2HEX(out_col1!A7) -> 63D8 | B7: =DEC2HEX(out_col1!B7) -> 8DC | C7: =DEC2HEX(out_col1!C7) -> 300C | D7: =DEC2HEX(out_col1!D7) -> BE39 | F7: =DEC2HEX(out_col1!F7) -> 15AF9
A8: =DEC2HEX(out_col1!A8) -> BF7E | B8: =DEC2HEX(out_col1!B8) -> 2F2 | C8: =DEC2HEX(out_col1!C8) -> 7EAC | D8: =DEC2HEX(out_col1!D8) -> 211E | F8: =DEC2HEX(out_col1!F8) -> 1623A
A9: =DEC2HEX(out_col1!A9) -> C39C | B9: =DEC2HEX(out_col1!B9) -> 629D | C9: =DEC2HEX(out_col1!C9) -> 1E67 | D9: =DEC2HEX(out_col1!D9) -> 2B20 | F9: =DEC2HEX(out_col1!F9) -> 16FC0
A10: =DEC2HEX(out_col1!A10) -> A69 | B10: =DEC2HEX(out_col1!B10) -> CE4 | C10: =DEC2HEX(out_col1!C10) -> 2D18 | D10: =DEC2HEX(out_col1!D10) -> 43B | F10: =DEC2HEX(out_col1!F10) -> 48A0
A11: =DEC2HEX(out_col1!A11) -> 1170 | B11: =DEC2HEX(out_col1!B11) -> B6B | C11: =DEC2HEX(out_col1!C11) -> 414 | D11: =DEC2HEX(out_col1!D11) -> 3C2F | F11: =DEC2HEX(out_col1!F11) -> 5D1E
A12: =DEC2HEX(out_col1!A12) -> 2044 | B12: =DEC2HEX(out_col1!B12) -> 241E | C12: =DEC2HEX(out_col1!C12) -> 222 | D12: =DEC2HEX(out_col1!D12) -> 948 | F12: =DEC2HEX(out_col1!F12) -> 4FCC
A13: =DEC2HEX(out_col1!A13) -> 6404 | B13: =DEC2HEX(out_col1!B13) -> 2730 | C13: =DEC2HEX(out_col1!C13) -> 143C | D13: =DEC2HEX(out_col1!D13) -> 1A4E | F13: =DEC2HEX(out_col1!F13) -> B9BE
A14: =DEC2HEX(out_col1!A14) -> B091 | B14: =DEC2HEX(out_col1!B14) -> F60 | C14: =DEC2HEX(out_col1!C14) -> 1185 | D14: =DEC2HEX(out_col1!D14) -> B20E | F14: =DEC2HEX(out_col1!F14) -> 18384
A15: =DEC2HEX(out_col1!A15) -> 2D0 | B15: =DEC2HEX(out_col1!B15) -> 60F7 | C15: =DEC2HEX(out_col1!C15) -> 4309 | D15: =DEC2HEX(out_col1!D15) -> 52FA | F15: =DEC2HEX(out_col1!F15) -> F9CA
A16: =DEC2HEX(out_col1!A16) -> 183 | B16: =DEC2HEX(out_col1!B16) -> 4CD5 | C16: =DEC2HEX(out_col1!C16) -> 1DED | D16: =DEC2HEX(out_col1!D16) -> 6BC4 | F16: =DEC2HEX(out_col1!F16) -> D809
A17: =DEC2HEX(out_col1!A17) -> 738 | B17: =DEC2HEX(out_col1!B17) -> 4330 | C17: =DEC2HEX(out_col1!C17) -> 3BBA | D17: =DEC2HEX(out_col1!D17) -> 50C7 | F17: =DEC2HEX(out_col1!F17) -> D6E9
A18: =DEC2HEX(out_col1!A18) -> 3288 | B18: =DEC2HEX(out_col1!B18) -> B44 | C18: =DEC2HEX(out_col1!C18) -> 4BC8 | D18: =DEC2HEX(out_col1!D18) -> E73 | F18: =DEC2HEX(out_col1!F18) -> 9807
... A20: =DEC2HEX(out_col1!A20) -> 37E6 | B20: =DEC2HEX(out_col1!B20) -> 46F4 | C20: =DEC2HEX(out_col1!C20) -> 1BC0 | D20: =DEC2HEX(out_col1!D20) -> 786 | F20: =DEC2HEX(out_col1!F20) -> A220
A21: =DEC2HEX(out_col1!A21) -> 0 | B21: =DEC2HEX(out_col1!B21) -> 1C34 | C21: =DEC2HEX(out_col1!C21) -> 1A85 | D21: =DEC2HEX(out_col1!D21) -> 1228 | F21: =DEC2HEX(out_col1!F21) -> 48E1 | H21: 1 | I21: =DEC2HEX(out_col1!I21) -> 1FE72
A22: =DEC2HEX(out_col1!A22) -> 5F0F | B22: =DEC2HEX(out_col1!B22) -> 1 | C22: =DEC2HEX(out_col1!C22) -> 81F0 | D22: =DEC2HEX(out_col1!D22) -> F9B | F22: =DEC2HEX(out_col1!F22) -> F09B | H22: 2 | I22: =DEC2HEX(out_col1!I22) -> 48322
A23: =DEC2HEX(out_col1!A23) -> 4D19 | B23: =DEC2HEX(out_col1!B23) -> 7C4C | C23: =DEC2HEX(out_col1!C23) -> 19A | D23: =DEC2HEX(out_col1!D23) -> 32DC | F23: =DEC2HEX(out_col1!F23) -> FDDB | H23: 3 | I23: =DEC2HEX(out_col1!I23) -> 4B4DF
A24: =DEC2HEX(out_col1!A24) -> 342F | B24: =DEC2HEX(out_col1!B24) -> E1 | C24: =DEC2HEX(out_col1!C24) -> 2D0 | D24: =DEC2HEX(out_col1!D24) -> 1734 | F24: =DEC2HEX(out_col1!F24) -> 4F14 | H24: 4 | I24: =DEC2HEX(out_col1!I24) -> 47F08
A25: =DEC2HEX(out_col1!A25) -> D6F5 | B25: =DEC2HEX(out_col1!B25) -> 3A7D | C25: =DEC2HEX(out_col1!C25) -> 1176 | D25: =DEC2HEX(out_col1!D25) -> C570 | F25: =DEC2HEX(out_col1!F25) -> 1E858 | H25: 5 | I25: =DEC2HEX(out_col1!I25) -> 59286
A26: =DEC2HEX(out_col1!A26) -> 6582 | B26: =DEC2HEX(out_col1!B26) -> 1845 | C26: =DEC2HEX(out_col1!C26) -> 34F7 | D26: =DEC2HEX(out_col1!D26) -> 336F | F26: =DEC2HEX(out_col1!F26) -> E62D | H26: somma | I26: =DEC2HEX(out_col1!I26) -> 154801
A27: =DEC2HEX(out_col1!A27) -> CD83 | B27: =DEC2HEX(out_col1!B27) -> 54 | C27: =DEC2HEX(out_col1!C27) -> 364C | D27: =DEC2HEX(out_col1!D27) -> BE39 | F27: =DEC2HEX(out_col1!F27) -> 1C25C
A28: =DEC2HEX(out_col1!A28) -> 15DD | B28: =DEC2HEX(out_col1!B28) -> 16E2 | C28: =DEC2HEX(out_col1!C28) -> 3E64 | D28: =DEC2HEX(out_col1!D28) -> 15F0 | F28: =DEC2HEX(out_col1!F28) -> 8113
A29: =DEC2HEX(out_col1!A29) -> 9824 | B29: =DEC2HEX(out_col1!B29) -> A45B | C29: =DEC2HEX(out_col1!C29) -> 1F69 | D29: =DEC2HEX(out_col1!D29) -> 84F8 | F29: =DEC2HEX(out_col1!F29) -> 1E0E0
A30: =DEC2HEX(out_col1!A30) -> 1C59 | B30: =DEC2HEX(out_col1!B30) -> D5FC | C30: =DEC2HEX(out_col1!C30) -> 58F8 | D30: =DEC2HEX(out_col1!D30) -> 115E | F30: =DEC2HEX(out_col1!F30) -> 15CAB
A31: =DEC2HEX(out_col1!A31) -> 19B4 | B31: =DEC2HEX(out_col1!B31) -> 26FE | C31: =DEC2HEX(out_col1!C31) -> 5FE | D31: =DEC2HEX(out_col1!D31) -> 1641 | F31: =DEC2HEX(out_col1!F31) -> 5CF1
A32: =DEC2HEX(out_col1!A32) -> 5468 | B32: =DEC2HEX(out_col1!B32) -> 4318 | C32: =DEC2HEX(out_col1!C32) -> 2344 | D32: =DEC2HEX(out_col1!D32) -> 14D0 | F32: =DEC2HEX(out_col1!F32) -> CF94
A33: =DEC2HEX(out_col1!A33) -> C3DD | B33: =DEC2HEX(out_col1!B33) -> 94A0 | C33: =DEC2HEX(out_col1!C33) -> F3C | D33: =DEC2HEX(out_col1!D33) -> 8AF3 | F33: =DEC2HEX(out_col1!F33) -> 1F2AC
A34: =DEC2HEX(out_col1!A34) -> AF0 | B34: =DEC2HEX(out_col1!B34) -> D4C2 | C34: =DEC2HEX(out_col1!C34) -> 6E05 | D34: =DEC2HEX(out_col1!D34) -> 4BEC | F34: =DEC2HEX(out_col1!F34) -> 199A3
A35: =DEC2HEX(out_col1!A35) -> 15CC | B35: =DEC2HEX(out_col1!B35) -> C072 | C35: =DEC2HEX(out_col1!C35) -> 93 | D35: =DEC2HEX(out_col1!D35) -> B2C0 | F35: =DEC2HEX(out_col1!F35) -> 18991
A36: =DEC2HEX(out_col1!A36) -> 183C | B36: =DEC2HEX(out_col1!B36) -> 33A | C36: =DEC2HEX(out_col1!C36) -> 4330 | D36: =DEC2HEX(out_col1!D36) -> 13CD | F36: =DEC2HEX(out_col1!F36) -> 7273
A37: =DEC2HEX(out_col1!A37) -> 82 | B37: =DEC2HEX(out_col1!B37) -> 537C | C37: =DEC2HEX(out_col1!C37) -> 5401 | D37: =DEC2HEX(out_col1!D37) -> 5898 | F37: =DEC2HEX(out_col1!F37) -> 10097
A38: =DEC2HEX(out_col1!A38) -> 5FA | B38: =DEC2HEX(out_col1!B38) -> DB65 | C38: =DEC2HEX(out_col1!C38) -> 2188 | D38: =DEC2HEX(out_col1!D38) -> 405E | F38: =DEC2HEX(out_col1!F38) -> 14345
... A40: =DEC2HEX(out_col1!A40) -> E40 | B40: =DEC2HEX(out_col1!B40) -> 4749 | C40: =DEC2HEX(out_col1!C40) -> 57C6 | D40: =DEC2HEX(out_col1!D40) -> 16A3 | F40: =DEC2HEX(out_col1!F40) -> C3F2
A41: =DEC2HEX(out_col1!A41) -> 0 | B41: =DEC2HEX(out_col1!B41) -> 17C | C41: =DEC2HEX(out_col1!C41) -> 1C75 | D41: =DEC2HEX(out_col1!D41) -> 22B1 | F41: =DEC2HEX(out_col1!F41) -> 40A2 | H41: 1 | I41: =DEC2HEX(out_col1!I41) -> 2744E
A42: =DEC2HEX(out_col1!A42) -> 122A | B42: =DEC2HEX(out_col1!B42) -> 31 | C42: =DEC2HEX(out_col1!C42) -> 65AA | D42: =DEC2HEX(out_col1!D42) -> 239E | F42: =DEC2HEX(out_col1!F42) -> 9BA3 | H42: 2 | I42: =DEC2HEX(out_col1!I42) -> 428C2
A43: =DEC2HEX(out_col1!A43) -> 2FDF | B43: =DEC2HEX(out_col1!B43) -> 88E5 | C43: =DEC2HEX(out_col1!C43) -> 163 | D43: =DEC2HEX(out_col1!D43) -> 49D4 | F43: =DEC2HEX(out_col1!F43) -> 103FB | H43: 3 | I43: =DEC2HEX(out_col1!I43) -> 40D4D
A44: =DEC2HEX(out_col1!A44) -> B4DB | B44: =DEC2HEX(out_col1!B44) -> 4B5 | C44: =DEC2HEX(out_col1!C44) -> 29A0 | D44: =DEC2HEX(out_col1!D44) -> 61E | F44: =DEC2HEX(out_col1!F44) -> E94E | H44: 4 | I44: =DEC2HEX(out_col1!I44) -> 4BEB8
A45: =DEC2HEX(out_col1!A45) -> EB62 | B45: =DEC2HEX(out_col1!B45) -> 9791 | C45: =DEC2HEX(out_col1!C45) -> 10FE | D45: =DEC2HEX(out_col1!D45) -> D4A0 | F45: =DEC2HEX(out_col1!F45) -> 26891 | H45: 5 | I45: =DEC2HEX(out_col1!I45) -> 59B95
A46: =DEC2HEX(out_col1!A46) -> 10A4 | B46: =DEC2HEX(out_col1!B46) -> 5BF8 | C46: =DEC2HEX(out_col1!C46) -> 2E9 | D46: =DEC2HEX(out_col1!D46) -> 68AC | F46: =DEC2HEX(out_col1!F46) -> D831 | H46: somma | I46: =DEC2HEX(out_col1!I46) -> 1504AA
A47: =DEC2HEX(out_col1!A47) -> C531 | B47: =DEC2HEX(out_col1!B47) -> 181E | C47: =DEC2HEX(out_col1!C47) -> D48 | D47: =DEC2HEX(out_col1!D47) -> 6D66 | F47: =DEC2HEX(out_col1!F47) -> 157FD
A48: =DEC2HEX(out_col1!A48) -> 6506 | B48: =DEC2HEX(out_col1!B48) -> 2D5 | C48: =DEC2HEX(out_col1!C48) -> CFF8 | D48: =DEC2HEX(out_col1!D48) -> 252 | F48: =DEC2HEX(out_col1!F48) -> 13A25
A49: =DEC2HEX(out_col1!A49) -> 8414 | B49: =DEC2HEX(out_col1!B49) -> 35CA | C49: =DEC2HEX(out_col1!C49) -> 17AF | D49: =DEC2HEX(out_col1!D49) -> 8B42 | F49: =DEC2HEX(out_col1!F49) -> 15CCF
A50: =DEC2HEX(out_col1!A50) -> 1219 | B50: =DEC2HEX(out_col1!B50) -> 7C9C | C50: =DEC2HEX(out_col1!C50) -> 1B6C | D50: =DEC2HEX(out_col1!D50) -> 1008 | F50: =DEC2HEX(out_col1!F50) -> BA29
A51: =DEC2HEX(out_col1!A51) -> 19FA | B51: =DEC2HEX(out_col1!B51) -> 6D4 | C51: =DEC2HEX(out_col1!C51) -> 1366 | D51: =DEC2HEX(out_col1!D51) -> 15BA | F51: =DEC2HEX(out_col1!F51) -> 49EE
A52: =DEC2HEX(out_col1!A52) -> 677C | B52: =DEC2HEX(out_col1!B52) -> 9638 | C52: =DEC2HEX(out_col1!C52) -> 40C0 | D52: =DEC2HEX(out_col1!D52) -> 14D0 | F52: =DEC2HEX(out_col1!F52) -> 15344
A53: =DEC2HEX(out_col1!A53) -> 4D30 | B53: =DEC2HEX(out_col1!B53) -> 2008 | C53: =DEC2HEX(out_col1!C53) -> 7C5 | D53: =DEC2HEX(out_col1!D53) -> 747C | F53: =DEC2HEX(out_col1!F53) -> E979
A54: =DEC2HEX(out_col1!A54) -> 450 | B54: =DEC2HEX(out_col1!B54) -> A5B0 | C54: =DEC2HEX(out_col1!C54) -> 48AA | D54: =DEC2HEX(out_col1!D54) -> 5554 | F54: =DEC2HEX(out_col1!F54) -> 147FE
A55: =DEC2HEX(out_col1!A55) -> 9F1E | B55: =DEC2HEX(out_col1!B55) -> 1F9C | C55: =DEC2HEX(out_col1!C55) -> 70 | D55: =DEC2HEX(out_col1!D55) -> C30 | F55: =DEC2HEX(out_col1!F55) -> CB5A
A56: =DEC2HEX(out_col1!A56) -> 4200 | B56: =DEC2HEX(out_col1!B56) -> 38 | C56: =DEC2HEX(out_col1!C56) -> C418 | D56: =DEC2HEX(out_col1!D56) -> B3D | F56: =DEC2HEX(out_col1!F56) -> 1118D
A57: =DEC2HEX(out_col1!A57) -> 263 | B57: =DEC2HEX(out_col1!B57) -> 70BC | C57: =DEC2HEX(out_col1!C57) -> 2A7F | D57: =DEC2HEX(out_col1!D57) -> 4440 | F57: =DEC2HEX(out_col1!F57) -> E1DE
A58: =DEC2HEX(out_col1!A58) -> 3A02 | B58: =DEC2HEX(out_col1!B58) -> 1668 | C58: =DEC2HEX(out_col1!C58) -> 3452 | D58: =DEC2HEX(out_col1!D58) -> 60F8 | F58: =DEC2HEX(out_col1!F58) -> E5B4
... A60: =DEC2HEX(out_col1!A60) -> 3E0C | B60: =DEC2HEX(out_col1!B60) -> 863D | C60: =DEC2HEX(out_col1!C60) -> 9320 | D60: =DEC2HEX(out_col1!D60) -> 5618 | F60: =DEC2HEX(out_col1!F60) -> 1AD81
A61: =DEC2HEX(out_col1!A61) -> 5C08 | B61: =DEC2HEX(out_col1!B61) -> ED | C61: =DEC2HEX(out_col1!C61) -> 1642 | D61: =DEC2HEX(out_col1!D61) -> BC | F61: =DEC2HEX(out_col1!F61) -> 73F3 | H61: 1 | I61: =DEC2HEX(out_col1!I61) -> 354AF
A62: =DEC2HEX(out_col1!A62) -> 74E8 | B62: =DEC2HEX(out_col1!B62) -> 79C7 | C62: =DEC2HEX(out_col1!C62) -> 4A6 | D62: =DEC2HEX(out_col1!D62) -> 2370 | F62: =DEC2HEX(out_col1!F62) -> 116C5 | H62: 2 | I62: =DEC2HEX(out_col1!I62) -> 51CF3
A63: =DEC2HEX(out_col1!A63) -> A7FD | B63: =DEC2HEX(out_col1!B63) -> 42E | C63: =DEC2HEX(out_col1!C63) -> 2EB0 | D63: =DEC2HEX(out_col1!D63) -> 103E | F63: =DEC2HEX(out_col1!F63) -> EB19 | H63: 3 | I63: =DEC2HEX(out_col1!I63) -> 285AC
A64: =DEC2HEX(out_col1!A64) -> BBB9 | B64: =DEC2HEX(out_col1!B64) -> 98D3 | C64: =DEC2HEX(out_col1!C64) -> 14FA | D64: =DEC2HEX(out_col1!D64) -> 4458 | F64: =DEC2HEX(out_col1!F64) -> 1ADDE | H64: 4 | I64: =DEC2HEX(out_col1!I64) -> 5A9D4
A65: =DEC2HEX(out_col1!A65) -> 2DFD | B65: =DEC2HEX(out_col1!B65) -> 4D58 | C65: =DEC2HEX(out_col1!C65) -> 3280 | D65: =DEC2HEX(out_col1!D65) -> 18E2 | F65: =DEC2HEX(out_col1!F65) -> C6B7 | H65: 5 | I65: =DEC2HEX(out_col1!I65) -> 506E6
A66: =DEC2HEX(out_col1!A66) -> 2F3A | B66: =DEC2HEX(out_col1!B66) -> E9C | C66: =DEC2HEX(out_col1!C66) -> C23D | D66: =DEC2HEX(out_col1!D66) -> 37F8 | F66: =DEC2HEX(out_col1!F66) -> 1380B | H66: somma | I66: =DEC2HEX(out_col1!I66) -> 15A808
A67: =DEC2HEX(out_col1!A67) -> 324E | B67: =DEC2HEX(out_col1!B67) -> 732C | C67: =DEC2HEX(out_col1!C67) -> 43D5 | D67: =DEC2HEX(out_col1!D67) -> 4BF0 | F67: =DEC2HEX(out_col1!F67) -> 1353F
A68: =DEC2HEX(out_col1!A68) -> 28B0 | B68: =DEC2HEX(out_col1!B68) -> A20 | C68: =DEC2HEX(out_col1!C68) -> 28D4 | D68: =DEC2HEX(out_col1!D68) -> 333 | F68: =DEC2HEX(out_col1!F68) -> 5ED7
A69: =DEC2HEX(out_col1!A69) -> 31EC | B69: =DEC2HEX(out_col1!B69) -> 48CF | C69: =DEC2HEX(out_col1!C69) -> 2FBA | D69: =DEC2HEX(out_col1!D69) -> 6993 | F69: =DEC2HEX(out_col1!F69) -> 11408
A70: =DEC2HEX(out_col1!A70) -> 8022 | B70: =DEC2HEX(out_col1!B70) -> 1F56 | C70: =DEC2HEX(out_col1!C70) -> 12C | D70: =DEC2HEX(out_col1!D70) -> 6880 | F70: =DEC2HEX(out_col1!F70) -> 10924
A71: =DEC2HEX(out_col1!A71) -> 2DFD | B71: =DEC2HEX(out_col1!B71) -> 1D | C71: =DEC2HEX(out_col1!C71) -> D788 | D71: =DEC2HEX(out_col1!D71) -> 2772 | F71: =DEC2HEX(out_col1!F71) -> 12D14
A72: =DEC2HEX(out_col1!A72) -> 47E4 | B72: =DEC2HEX(out_col1!B72) -> D926 | C72: =DEC2HEX(out_col1!C72) -> 2AAA | D72: =DEC2HEX(out_col1!D72) -> 6022 | F72: =DEC2HEX(out_col1!F72) -> 1ABD6
A73: =DEC2HEX(out_col1!A73) -> CA7 | B73: =DEC2HEX(out_col1!B73) -> 8980 | C73: =DEC2HEX(out_col1!C73) -> 6AA4 | D73: =DEC2HEX(out_col1!D73) -> 5DD | F73: =DEC2HEX(out_col1!F73) -> 106A8
A74: =DEC2HEX(out_col1!A74) -> D031 | B74: =DEC2HEX(out_col1!B74) -> 1EDC | C74: =DEC2HEX(out_col1!C74) -> BDE0 | D74: =DEC2HEX(out_col1!D74) -> 3C13 | F74: =DEC2HEX(out_col1!F74) -> 1E900
A75: =DEC2HEX(out_col1!A75) -> 4DB0 | B75: =DEC2HEX(out_col1!B75) -> A794 | C75: =DEC2HEX(out_col1!C75) -> 4898 | D75: =DEC2HEX(out_col1!D75) -> 7142 | F75: =DEC2HEX(out_col1!F75) -> 1AF1E
A76: =DEC2HEX(out_col1!A76) -> 2142 | B76: =DEC2HEX(out_col1!B76) -> 120 | C76: =DEC2HEX(out_col1!C76) -> 97E | D76: =DEC2HEX(out_col1!D76) -> 4FBD | F76: =DEC2HEX(out_col1!F76) -> 7B9D
A77: =DEC2HEX(out_col1!A77) -> 6A50 | B77: =DEC2HEX(out_col1!B77) -> 2344 | C77: =DEC2HEX(out_col1!C77) -> 37BC | D77: =DEC2HEX(out_col1!D77) -> 5FC9 | F77: =DEC2HEX(out_col1!F77) -> 12519
A78: =DEC2HEX(out_col1!A78) -> 189C | B78: =DEC2HEX(out_col1!B78) -> 33C | C78: =DEC2HEX(out_col1!C78) -> 153A | D78: =DEC2HEX(out_col1!D78) -> 402 | F78: =DEC2HEX(out_col1!F78) -> 3514
... A80: =DEC2HEX(out_col1!A80) -> 77A4 | B80: =DEC2HEX(out_col1!B80) -> 4158 | C80: =DEC2HEX(out_col1!C80) -> 9C0 | D80: =DEC2HEX(out_col1!D80) -> C531 | F80: =DEC2HEX(out_col1!F80) -> 187ED
